INVESTISSEMENTS DIRECTS ETRANGERS (IDE),Unnamed: 1,Unnamed: 2,Unnamed: 3,Unnamed: 4,Unnamed: 5,Unnamed: 6,Unnamed: 7,Unnamed: 8,Unnamed: 9,Unnamed: 10,Unnamed: 11,Unnamed: 12,Unnamed: 13,Unnamed: 14,Unnamed: 15,Unnamed: 16,Unnamed: 17,Unnamed: 18,Unnamed: 19,Unnamed: 20,Unnamed: 21,Unnamed: 22,Unnamed: 23,Unnamed: 24,Unnamed: 25,Unnamed: 26,Unnamed: 27,Unnamed: 28,Unnamed: 29,Unnamed: 30,Unnamed: 31,Unnamed: 32,Unnamed: 33,Unnamed: 34,Unnamed: 35,Unnamed: 36,Unnamed: 37,Unnamed: 38,Unnamed: 39,Unnamed: 40,Unnamed: 41,Unnamed: 42,Unnamed: 43,Unnamed: 44,Unnamed: 45,Unnamed: 46,Unnamed: 47,Unnamed: 48,Unnamed: 49,Unnamed: 50,Unnamed: 51,Unnamed: 52,Unnamed: 53,Unnamed: 54,Unnamed: 55,Unnamed: 56,Unnamed: 57,Unnamed: 58,Unnamed: 59,Unnamed: 60,Unnamed: 61,Unnamed: 62,Unnamed: 63,Unnamed: 64,Unnamed: 65,Unnamed: 66,Unnamed: 67,Unnamed: 68,Unnamed: 69,Unnamed: 70,Unnamed: 71,Unnamed: 72,Unnamed: 73,Unnamed: 74,Unnamed: 75,Unnamed: 76,Unnamed: 77,Unnamed: 78,Unnamed: 79,Unnamed: 80,Unnamed: 81,Unnamed: 82,Unnamed: 83,Unnamed: 84,Unnamed: 85,Unnamed: 86,Unnamed: 87,Unnamed: 88,Unnamed: 89,Unnamed: 90,Unnamed: 91,Unnamed: 92,Unnamed: 93,Unnamed: 94,Unnamed: 95,Unnamed: 96,Unnamed: 97,Unnamed: 98,Unnamed: 99,Unnamed: 100,Unnamed: 101,Unnamed: 102,Unnamed: 103,Unnamed: 104,Unnamed: 105,Unnamed: 106,Unnamed: 107,Unnamed: 108,Unnamed: 109,Unnamed: 110,Unnamed: 111,Unnamed: 112,Unnamed: 113,Unnamed: 114,Unnamed: 115,Unnamed: 116,Unnamed: 117,Unnamed: 118,Unnamed: 119,Unnamed: 120,Unnamed: 121,Unnamed: 122,Unnamed: 123,Unnamed: 124,Unnamed: 125,Unnamed: 126,Unnamed: 127,Unnamed: 128,Unnamed: 129,Unnamed: 130,Unnamed: 131,Unnamed: 132,Unnamed: 133,Unnamed: 134,Unnamed: 135,Unnamed: 136,Unnamed: 137,Unnamed: 138,Unnamed: 139,Unnamed: 140,Unnamed: 141,Unnamed: 142,Unnamed: 143,Unnamed: 144,Unnamed: 145,Unnamed: 146,Unnamed: 147,Unnamed: 148,Unnamed: 149,Unnamed: 150,Unnamed: 151,Unnamed: 152,Unnamed: 153,Unnamed: 154,Unnamed: 155,Unnamed: 156,Unnamed: 157,Unnamed: 158,Unnamed: 159,Unnamed: 160,Unnamed: 161,Unnamed: 162,Unnamed: 163,Unnamed: 164,Unnamed: 165,Unnamed: 166,Unnamed: 167,Unnamed: 168,Unnamed: 169,Unnamed: 170,Unnamed: 171,Unnamed: 172,Unnamed: 173,Unnamed: 174,Unnamed: 175,Unnamed: 176,Unnamed: 177,Unnamed: 178,Unnamed: 179,Unnamed: 180,Unnamed: 181,Unnamed: 182,Unnamed: 183,Unnamed: 184,Unnamed: 185,Unnamed: 186,Unnamed: 187,Unnamed: 188,Unnamed: 189,Unnamed: 190,Unnamed: 191,Unnamed: 192,Unnamed: 193,Unnamed: 194,Unnamed: 195,Unnamed: 196,Unnamed: 197,Unnamed: 198,Unnamed: 199,Unnamed: 200,Unnamed: 201,Unnamed: 202,Unnamed: 203,Unnamed: 204,Unnamed: 205,Unnamed: 206,Unnamed: 207,Unnamed: 208,Unnamed: 209,Unnamed: 210,Unnamed: 211,Unnamed: 212,Unnamed: 213,Unnamed: 214,Unnamed: 215,Unnamed: 216,Unnamed: 217,Unnamed: 218,Unnamed: 219,Unnamed: 220,Unnamed: 221,Unnamed: 222,Unnamed: 223,Unnamed: 224,Unnamed: 225,Unnamed: 226,Unnamed: 227,Unnamed: 228,Unnamed: 229,Unnamed: 230,Unnamed: 231,Unnamed: 232,Unnamed: 233,Unnamed: 234,Unnamed: 235,Unnamed: 236,Unnamed: 237,Unnamed: 238,Unnamed: 239,Unnamed: 240,Unnamed: 241,Unnamed: 242,Unnamed: 243,Unnamed: 244,Unnamed: 245,Unnamed: 246,Unnamed: 247,Unnamed: 248,Unnamed: 249,Unnamed: 250,Unnamed: 251,Unnamed: 252,Unnamed: 253,Unnamed: 254,Unnamed: 255,Unnamed: 256,Unnamed: 257,Unnamed: 258,Unnamed: 259,Unnamed: 260,Unnamed: 261,Unnamed: 262,Unnamed: 263,Unnamed: 264,Unnamed: 265,Unnamed: 266,Unnamed: 267,Unnamed: 268,Unnamed: 269,Unnamed: 270,Unnamed: 271,Unnamed: 272,Unnamed: 273,Unnamed: 274,Unnamed: 275,Unnamed: 276,Unnamed: 277,Unnamed: 278,Unnamed: 279,Unnamed: 280,Unnamed: 281,Unnamed: 282,Unnamed: 283,Unnamed: 284,Unnamed: 285,Unnamed: 286,Unnamed: 287,Unnamed: 288,Unnamed: 289,Unnamed: 290,Unnamed: 291,Unnamed: 292,Unnamed: 293,Unnamed: 294,Unnamed: 295,Unnamed: 296,Unnamed: 297,Unnamed: 298,Unnamed: 299,Unnamed: 300,Unnamed: 301,Unnamed: 302,Unnamed: 303,Unnamed: 304,Unnamed: 305,Unnamed: 306,Unnamed: 307,Unnamed: 308,Unnamed: 309,Unnamed: 310,Unnamed: 311,Unnamed: 312,Unnamed: 313,Unnamed: 314,Unnamed: 315,Unnamed: 316,Unnamed: 317,Unnamed: 318,Unnamed: 319,Unnamed: 320,Unnamed: 321,Unnamed: 322,Unnamed: 323,Unnamed: 324,Unnamed: 325,Unnamed: 326,Unnamed: 327,Unnamed: 328,Unnamed: 329,Unnamed: 330,Unnamed: 331,Unnamed: 332,Unnamed: 333,Unnamed: 334,Unnamed: 335,Unnamed: 336,Unnamed: 337,Unnamed: 338,Unnamed: 339,Unnamed: 340,Unnamed: 341,Unnamed: 342,Unnamed: 343,Unnamed: 344,Unnamed: 345,Unnamed: 346,Unnamed: 347,Unnamed: 348,Unnamed: 349,Unnamed: 350,Unnamed: 351,Unnamed: 352,Unnamed: 353,Unnamed: 354,Unnamed: 355,Unnamed: 356,Unnamed: 357,Unnamed: 358,Unnamed: 359,Unnamed: 360,Unnamed: 361,Unnamed: 362,Unnamed: 363,Unnamed: 364,Unnamed: 365
,,,,,,,,,,,,,,,,,,,,,,,,,,,,,,,,,,,,,,,,,,,,,,,,,,,,,,,,,,,,,,,,,,,,,,,,,,,,,,,,,,,,,,,,,,,,,,,,,,,,,,,,,,,,,,,,,,,,,,,,,,,,,,,,,,,,,,,,,,,,,,,,,,,,,,,,,,,,,,,,,,,,,,,,,,,,,,,,,,,,,,,,,,,,,,,,,,,,,,,,,,,,,,,,,,,,,,,,,,,,,,,,,,,,,,,,,,,,,,,,,,,,,,,,,,,,,,,,,,,,,,,,,,,,,,,,,,,,,,,,,,,,,,,,,,,,,,,,,,,,,,,,,,,,,,,,,,,,,,,,,,,,,,,,,,,,,,,,,,,,,,,,,,,,,,,,,,,,,,,,,,,,,
En millions de dirhams,1996-01-01 00:00:00,1996-02-01 00:00:00,1996-03-01 00:00:00,1996-04-01 00:00:00,1996-05-01 00:00:00,1996-06-01 00:00:00,1996-07-01 00:00:00,1996-08-01 00:00:00,1996-09-01 00:00:00,1996-10-01 00:00:00,1996-11-01 00:00:00,1996-12-01 00:00:00,1997-01-01 00:00:00,1997-02-01 00:00:00,1997-03-01 00:00:00,1997-04-01 00:00:00,1997-05-01 00:00:00,1997-06-01 00:00:00,1997-07-01 00:00:00,1997-08-01 00:00:00,1997-09-01 00:00:00,1997-10-01 00:00:00,1997-11-01 00:00:00,1997-12-01 00:00:00,1998-01-01 00:00:00,1998-02-01 00:00:00,1998-03-01 00:00:00,1998-04-01 00:00:00,1998-05-01 00:00:00,1998-06-01 00:00:00,1998-07-01 00:00:00,1998-08-01 00:00:00,1998-09-01 00:00:00,1998-10-01 00:00:00,1998-11-01 00:00:00,1998-12-01 00:00:00,1999-01-01 00:00:00,1999-02-01 00:00:00,1999-03-01 00:00:00,1999-04-01 00:00:00,1999-05-01 00:00:00,1999-06-01 00:00:00,1999-07-01 00:00:00,1999-08-01 00:00:00,1999-09-01 00:00:00,1999-10-01 00:00:00,1999-11-01 00:00:00,1999-12-01 00:00:00,2000-01-01 00:00:00,2000-02-01 00:00:00,2000-03-01 00:00:00,2000-04-01 00:00:00,2000-05-01 00:00:00,2000-06-01 00:00:00,2000-07-01 00:00:00,2000-08-01 00:00:00,2000-09-01 00:00:00,2000-10-01 00:00:00,2000-11-01 00:00:00,2000-12-01 00:00:00,2001-01-01 00:00:00,2001-02-01 00:00:00,2001-03-01 00:00:00,2001-04-01 00:00:00,2001-05-01 00:00:00,2001-06-01 00:00:00,2001-07-01 00:00:00,2001-08-01 00:00:00,2001-09-01 00:00:00,2001-10-01 00:00:00,2001-11-01 00:00:00,2001-12-01 00:00:00,2002-01-01 00:00:00,2002-02-01 00:00:00,2002-03-01,2002-04-01,2002-05-01 00:00:00,2002-06-01,2002-07-01,2002-08-01,2002-09-01,2002-10-01,2002-11-01,2002-12-01,2003-01-01 00:00:00,2003-02-01 00:00:00,2003-03-01,2003-04-01,2003-05-01,2003-06-01,2003-07-01,2003-08-01,2003-09-01,2003-10-01,2003-11-01,2003-12-01,2004-01-01,2004-02-01,2004-03-01,2004-04-01,2004-05-01,2004-06-01,2004-07-01,2004-08-01,2004-09-01,2004-10-01,2004-11-01,2004-12-01,2005-01-01,2005-02-01,2005-03-01,2005-04-01,2005-05-01,2005-06-01,2005-07-01,2005-08-01,2005-09-01,2005-10-01,2005-11-01,2005-12-01,2006-01-01,2006-02-01,2006-03-01,2006-04-01,2006-05-01,2006-06-01,2006-07-01,2006-08-01,2006-09-01,2006-10-01,2006-11-01,2006-12-01,2007-01-01,2007-02-01,2007-03-01,2007-04-01,2007-05-01,2007-06-01,2007-07-01,2007-08-01,2007-09-01 00:00:00,2007-10-01,2007-11-01,2007-12-01,2008-01-01 00:00:00,2008-02-01 00:00:00,2008-03-01 00:00:00,2008-04-01 00:00:00,2008-05-01 00:00:00,2008-06-01 00:00:00,2008-07-01 00:00:00,2008-08-01 00:00:00,2008-09-01 00:00:00,2008-10-01 00:00:00,2008-11-01 00:00:00,2008-12-01 00:00:00,2009-01-01 00:00:00,2009-02-01 00:00:00,2009-03-01 00:00:00,2009-04-01 00:00:00,2009-05-01 00:00:00,2009-06-01 00:00:00,2009-07-01 00:00:00,2009-08-01 00:00:00,2009-09-01 00:00:00,2009-10-01 00:00:00,2009-11-01 00:00:00,2009-12-01 00:00:00,2010-01-01 00:00:00,2010-02-01 00:00:00,2010-03-01 00:00:00,2010-04-01 00:00:00,2010-05-01 00:00:00,2010-06-01 00:00:00,2010-07-01 00:00:00,2010-08-01 00:00:00,2010-09-01 00:00:00,2010-10-01 00:00:00,2010-11-01 00:00:00,2010-12-01 00:00:00,2011-01-01 00:00:00,2011-02-01 00:00:00,2011-03-01 00:00:00,2011-04-01 00:00:00,2011-05-01 00:00:00,2011-06-01 00:00:00,2011-07-01 00:00:00,2011-08-01 00:00:00,2011-09-01 00:00:00,2011-10-01 00:00:00,2011-11-01 00:00:00,2011-12-01 00:00:00,2012-01-01 00:00:00,2012-02-01 00:00:00,2012-03-01 00:00:00,2012-04-01 00:00:00,2012-05-01 00:00:00,2012-06-01 00:00:00,2012-07-01 00:00:00,2012-08-01 00:00:00,2012-09-01 00:00:00,2012-10-01 00:00:00,2012-11-01 00:00:00,2012-12-01 00:00:00,2013-01-01 00:00:00,2013-02-01 00:00:00,2013-03-01 00:00:00,2013-04-01 00:00:00,2013-05-01 00:00:00,2013-06-01 00:00:00,2013-07-01 00:00:00,2013-08-01 00:00:00,2013-09-01 00:00:00,2013-10-01 00:00:00,2013-11-01 00:00:00,2013-12-01 00:00:00,2014-01-01 00:00:00,2014-02-01 00:00:00,2014-03-01 00:00:00,2014-04-01 00:00:00,2014-05-01 00:00:00,2014-06-01 00:00:00,2014-07-01 00:00:00,2014-08-01 00:00:00,2014-09-01 00:00:00,2014-10-01 00:00:00,2014-11-01 00:00:00,2014-12-01 00:00:00,2015-01-01 00:00:00,2015-02-01 00:00:00,2015-03-01 00:00:00,2015-04-01 00:00:00,2015-05-01 00:00:00,2015-06-01 00:00:00,2015-07-01 00:00:00,2015-08-01 00:00:00,2015-09-01 00:00:00,2015-10-01 00:00:00,2015-11-01 00:00:00,2015-12-01 00:00:00,2016-01-01 00:00:00,2016-02-01 00:00:00,2016-03-01 00:00:00,2016-04-01 00:00:00,2016-05-01 00:00:00,2016-06-01 00:00:00,2016-07-01 00:00:00,2016-08-01 00:00:00,2016-09-01 00:00:00,2016-10-01 00:00:00,2016-11-01 00:00:00,2016-12-01 00:00:00,2017-01-01 00:00:00,2017-02-01 00:00:00,2017-03-01 00:00:00,2017-04-01 00:00:00,2017-05-01 00:00:00,2017-06-01 00:00:00,2017-07-01 00:00:00,2017-08-01 00:00:00,2017-09-01 00:00:00,2017-10-01 00:00:00,2017-11-01 00:00:00,2017-12-01 00:00:00,2018-01-01 00:00:00,2018-02-01 00:00:00,2018-03-01 00:00:00,2018-04-01 00:00:00,2018-05-01 00:00:00,2018-06-01 00:00:00,2018-07-01 00:00:00,2018-08-01 00:00:00,2018-09-01 00:00:00,2018-10-01 00:00:00,2018-11-01 00:00:00,2018-12-01 00:00:00,2019-01-01 00:00:00,2019-02-01 00:00:00,2019-03-01 00:00:00,2019-04-01 00:00:00,2019-05-01 00:00:00,2019-06-01 00:00:00,2019-07-01 00:00:00,2019-08-01 00:00:00,2019-09-01 00:00:00,2019-10-01 00:00:00,2019-11-01 00:00:00,2019-12-01 00:00:00,2020-01-01 00:00:00,2020-02-01 00:00:00,2020-03-01 00:00:00,2020-04-01 00:00:00,2020-05-01 00:00:00,2020-06-01 00:00:00,2020-07-01 00:00:00,2020-08-01 00:00:00,2020-09-01 00:00:00,2020-10-01 00:00:00,2020-11-01 00:00:00,2020-12-01 00:00:00,2021-01-01 00:00:00,2021-02-01 00:00:00,2021-03-01 00:00:00,2021-04-01 00:00:00,2021-05-01 00:00:00,2021-06-01 00:00:00,2021-07-01 00:00:00,2021-08-01 00:00:00,2021-09-01 00:00:00,2021-10-01 00:00:00,2021-11-01 00:00:00,2021-12-01 00:00:00,2022-01-01 00:00:00,2022-02-01 00:00:00,2022-03-01 00:00:00,2022-04-01 00:00:00,2022-05-01 00:00:00,2022-06-01 00:00:00,2022-07-01 00:00:00,2022-08-01 00:00:00,2022-09-01 00:00:00,2022-10-01 00:00:00,2022-11-01 00:00:00,2022-12-01 00:00:00,2023-01-01 00:00:00,2023-02-01 00:00:00,2023-03-01 00:00:00,2023-04-01 00:00:00,2023-05-01 00:00:00,2023-06-01 00:00:00,2023-07-01 00:00:00,2023-08-01 00:00:00,2023-09-01 00:00:00,2023-10-01 00:00:00,2023-11-01 00:00:00,2023-12-01 00:00:00,2024-01-01 00:00:00,2024-02-01 00:00:00,2024-03-01 00:00:00,2024-04-01 00:00:00,2024-05-01 00:00:00,2024-06-01 00:00:00,2024-07-01 00:00:00,2024-08-01 00:00:00,2024-09-01 00:00:00,2024-10-01 00:00:00,2024-11-01 00:00:00,2024-12-01 00:00:00,2025-01-01 00:00:00,2025-02-01 00:00:00,2025-03-01 00:00:00,2025-04-01 00:00:00,2025-05-01 00:00:00,2025-06-01 00:00:00,2025-07-01 00:00:00,2025-08-01 00:00:00,2025-09-01 00:00:00,2025-10-01 00:00:00,2025-11-01 00:00:00,2025-12-01 00:00:00,2026-01-01 00:00:00,2026-02-01 00:00:00,2026-03-01 00:00:00,2026-04-01 00:00:00,2026-05-01 00:00:00
,,,,,,,,,,,,,,,,,,,,,,,,,,,,,,,,,,,,,,,,,,,,,,,,,,,,,,,,,,,,,,,,,,,,,,,,,,,,,,,,,,,,,,,,,,,,,,,,,,,,,,,,,,,,,,,,,,,,,,,,,,,,,,,,,,,,,,,,,,,,,,,,,,,,,,,,,,,,,,,,,,,,,,,,,,,,,,,,,,,,,,,,,,,,,,,,,,,,,,,,,,,,,,,,,,,,,,,,,,,,,,,,,,,,,,,,,,,,,,,,,,,,,,,,,,,,,,,,,,,,,,,,,,,,,,,,,,,,,,,,,,,,,,,,,,,,,,,,,,,,,,,,,,,,,,,,,,,,,,,,,,,,,,,,,,,,,,,,,,,,,,,,,,,,,,,,,,,,,,,,,,,,,
Recettes IDE,83.2,116.1,153.39999999999998,205.7,327.9,462.59999999999997,606.1999999999999,1253.1,1664.1,1692,1819.6,2279.9,325.6,687.7,898,1622.8,2213.2,6317.9,6554.8,6871.9,9709.099999999999,10007.099999999999,10214.699999999999,10470.599999999999,147,348.9,724.9,780.5,844.1999999999999,981.0999999999999,1153.6,1713.3999999999999,1936.8999999999999,2193.7,2537.1,2859.8999999999996,277.2,510.7,733.3,1781.8,2329.2,2480,7264.1,7551.5,7421.7,8490.9,8657,8897.5,360.8,516.3,697.1,954.9,1247.7,1401,1558.8,1893.7,1935.8,2184.1,4733.1,5043.4,1076,24884.4,24843.2,24975.6,26431,25637.3,25919.3,27458.5,27714.8,29501.5,30069.5,30663.2,346.6,641.8,,,1454.7,,,,,,,,256.4,385.5,,,,,,,,,,,,,,,,,,,,,,,,,,,,,,,,,,,,,,,,,,,,,,,,,,,,,,,20719.9,,,,3617.5,5356.8,10490.5,12476.7,14187.900000000001,16487.800000000003,18599.9,19791.300000000003,21099.300000000003,22907.000000000004,24385.800000000003,27963.000000000004,1856.2,6729.099999999999,8630.599999999999,9687.599999999999,10480.499999999998,12032.599999999999,13319.199999999999,14089.199999999999,16274.3,21058,21931.6,25249.699999999997,1724.4,3734.5,5583.7,8075.8,9879.9,12870.7,14754.6,16543,20792,22725.3,24613.2,35068.3,2052.4,4102.799999999999,6113.0999999999985,7852.799999999998,10170.199999999999,12041.8,14551.599999999999,16086.499999999998,19533.399999999998,21348.8,23720.23,26060.23,2572.2,6154.299999999999,9178.599999999999,11220.599999999999,13723.3,17438.899999999998,20899.3,22444.5,24769.5,26955.4,29098.2,32091.7,2612.9,11623.800000000001,13619.600000000002,17698.100000000002,19810.2,22903.9,25916.4,27593.9,29705.5,32217.4,34230.200000000004,39076.90000000001,2944,5148,7789,9802,11933,14074,17527,19730,22162,25624,31809,36553,2465,5305,8667,11869,15581,19528,23808,26707,28775,31756,35346,39920,2464,5927,8990,11671,15376,18461,20728,23033.2,24852.2,30105.2,32299.2,35351.2,2343,4220,7807,10955,16900,19365,19556,23297,25486,27989,30533,34353,3153,6284,9032,11785,14684,16992,20360,26003,29117,41801,44246,47426,3052,5827,7891,11260,14497,16655,20394,22867,25387,28374,30937,33916,2029,4124,7068,8551,11073,13683,15663,17220,19694,22107,24741,27525,1775,3806,6252,10539,12356,14946,16954,19672,21780,24428,26858,31910,1834,4198,7099,10145,13870,22010,24787,27722,30272,33130,36124,40297,3018,5525,7840,10584,13512,17112,20311,22259,24944,26945,30461,34629,3988,7004,10406,14044,17238,19930,24026,27377,30461,35428,40212,43802,5322,9571,13943,20019,24862,25506,30460,39272,42492,45402,50618,56052,4904,6851,12120,16089,29842
Dépenses IDE,,,,,,,,,,,,,,,,,,,,,,,,,,,,,,,,,,,,,,,,,,,,,,,,,,,,,,,,,,,,,,,,,,,,,,,,,,,,,,,,,,,,,,,,,,,,,,,,,,,,,,,,,,,,,,,,,,,,,,,,,,,,,,,,,,,,,,,,,,,,,,,,,,,,,,,,,,,,,,,,,,,,7853.2,8888,9139.2,9283.6,9524.6,12926.7,13147.2,16520.1,16774.1,,17138.9,17895.6,18021,18527.4,20591.1,20692,21820.9,820.8,966.4,1191.1,1289.3,1433.3,1576.7,2124.4,4028.6,4400.5,4693.7,5117.6,5248.5,1084.1,1142.8,1821.8,2123.2,2811.8999999999996,4423,5582,6463.8,6844.1,7117.400000000001,7578.3,8550.2,796.4,1416.6,7554.1,8165.8,8458.5,9100.4,9522,9729.3,9964.9,10287.3,10636.4,11354.699999999999,692,1056,1730,2108,2384,3208,3600,3936,4220,4660,5144,6616,698.5323738,1059.3478895441622,1498.1737175841622,2030.4617640765732,2661.778441064055,3925.458281395248,4914.273411246712,5255.285142666712,5576.879535332691,5935.3802191792265,6295.759574506414,8139.1246915514375,1160,2046,3954,4708,5591,6823,9451,10318,11394,12124,13013,14195,688,1095,2119,2793,3575,4318,3110,5221,5920,6600,7253,8320,1012,1933,3086,4185,4955,6683,7641,8237,9488,10417,11420,13257,854,3071,3948,4873,5899,7673,8897,9442,10296,11382,13646,18537,618,1339,2197,2788,3277,4558,5867,6477,7483,8632,9842,10781,1157,2246,3776,4689,5400,6379,7180,8015,8723,9908,10804,12555,1197,2006,2980,3759,4681,5680,6679,7765,10106,10878,12347,17333,1010,1992,4129,5029,8705,10106,11410,12451,14102,14877,22043,23539,1217,2650,4809,5969,7270,9408,10545,11826,14426,16013,17298,27510,1804,3057,4719,7052,8419,8701,13528,16314,17161,18335,23956,27660,1361,2343,3662,4432,6523
Flux IDE,,,,,,,,,,,,,,,,,,,,,,,,,,,,,,,,,,,,,,,,,,,,,,,,,,,,,,,,,,,,,,,,,,,,,,,,,,,,,,,,,,,,,,,,,,,,,,,,,,,,,,,,,,,,,,,,,,,,,,,,,,,,,,,,,,,,,,,,,,,,,,,,,,,,,,,,,,,,,,,,,,,,6235.999999999999,7386.299999999999,11918.8,12647.999999999998,15725.099999999997,-11202.300000000001,-9412.7,-10936.399999999998,-8698.3,9879.9,-4268.200000000001,-3140.999999999998,-1478,2264.5999999999985,2134.2000000000007,3921.2000000000007,13247.400000000001,1231.6000000000001,3136.399999999999,4921.999999999998,6563.499999999998,8736.9,10465.099999999999,12427.199999999999,12057.899999999998,15132.899999999998,16655.1,18602.629999999997,20811.73,1488.1,5011.499999999999,7356.799999999998,9097.399999999998,10911.4,13015.899999999998,15317.3,15980.7,17925.4,19838,21519.9,23541.5,1816.5,10207.2,6065.500000000002,9532.300000000003,11351.7,13803.500000000002,16394.4,17864.600000000002,19740.6,21930.100000000002,23593.800000000003,27722.20000000001,2252,4092,6059,7694,9549,10866,13927,15794,17942,20964,26665,29937,1766.4676262,4245.652110455838,7168.826282415837,9838.538235923426,12919.221558935944,15602.541718604753,18893.72658875329,21451.71485733329,23198.120464667307,25820.619780820773,29050.240425493586,31780.87530844856,1304,3881,5036,6963,9785,11638,11277,12715.2,13458.2,17981.2,19286.2,21156.199999999997,1655,3125,5688,8162,13325,15047,16446,18076,19566,21389,23280,26033,2141,4351,5946,7600,9729,10309,12719,17766,19629,31384,32826,34169,2198,2756,3943,6387,8598,8982,11497,13425,15091,16992,17291,15379,1411,2785,4871,5763,7796,9125,9796,10743,12211,13475,14899,16744,618,1560,2476,5850,6956,8567,9774,11657,13057,14520,16054,19355,637,2192,4119,6386,9189,16330,18108,19957,20166,22252,23777,22964,2008,3533,3711,5555,4807,7006,8901,9808,10842,12068,8418,11090,2771,4354,5597,8075,9968,10522,13481,15551,16035,19415,22914,16292,3518,6514,9224,12967,16443,16805,16932,22958,25331,27067,26662,28392,3543,4508,8458,11657,23319
,,,,,,,,,,,,,,,,,,,,,,,,,,,,,,,,,,,,,,,,,,,,,,,,,,,,,,,,,,,,,,,,,,,,,,,,,,,,,,,,,,,,,,,,,,,,,,,,,,,,,,,,,,,,,,,,,,,,,,,,,,,,,,,,,,,,,,,,,,,,,,,,,,,,,,,,,,,,,,,,,,,,,,,,,,,,,,,,,,,,,,,,,,,,,,,,,,,,,,,,,,,,,,,,,,,,,,,,,,,,,,,,,,,,,,,,,,,,,,,,,,,,,,,,,,,,,,,,,,,,,,,,,,,,,,,,,,,,,,,,,,,,,,,,,,,,,,,,,,,,,,,,,,,,,,,,,,,,,,,,,,,,,,,,,,,,,,,,,,,,,,,,,,,,,,,,,,,,,,,,,,,,,
,,,,,,,,,,,,,,,,,,,,,,,,,,,,,,,,,,,,,,,,,,,,,,,,,,,,,,,,,,,,,,,,,,,,,,,,,,,,,,,,,,,,,,,,,,,,,,,,,,,,,,,,,,,,,,,,,,,,,,,,,,,,,,,,,,,,,,,,,,,,,,,,,,,,,,,,,,,,,,,,,,,,,,,,,,,,,,,,,,,,,,,,,,,,,,,,,,,,,,,,,,,,,,,,,,,,,,,,,,,,,,,,,,,,,,,,,,,,,,,,,,,,,,,,,,,,,,,,,,,,,,,,,,,,,,,,,,,,,,,,,,,,,,,,,,,,,,,,,,,,,,,,,,,,,,,,,,,,,,,,,,,,,,,,,,,,,,,,,,,,,,,,,,,,,,,,,,,,,,,,,,,,,
,,,,,,,,,,,,,,,,,,,,,,,,,,,,,,,,,,,,,,,,,,,,,,,,,,,,,,,,,,,,,,,,,,,,,,,,,,,,,,,,,,,,,,,,,,,,,,,,,,,,,,,,,,,,,,,,,,,,,,,,,,,,,,,,,,,,,,,,,,,,,,,,,,,,,,,,,,,,,,,,,,,,,,,,,,,,,,,,,,,,,,,,,,,,,,,,,,,,,,,,,,,,,,,,,,,,,,,,,,,,,,,,,,,,,,,,,,,,,,,,,,,,,,,,,,,,,,,,,,,,,,,,,,,,,,,,,,,,,,,,,,,,,,,,,,,,,,,,,,,,,,,,,,,,,,,,,,,,,,,,,,,,,,,,,,,,,,,,,,,,,,,,,,,,,,,,,,,,,,,,,,,,,
,,,,,,,,,,,,,,,,,,,,,,,,,,,,,,,,,,,,,,,,,,,,,,,,,,,,,,,,,,,,,,,,,,,,,,,,,,,,,,,,,,,,,,,,,,,,,,,,,,,,,,,,,,,,,,,,,,,,,,,,,,,,,,,,,,,,,,,,,,,,,,,,,,,,,,,,,,,,,,,,,,,,,,,,,,,,,,,,,,,,,,,,,,,,,,,,,,,,,,,,,,,,,,,,,,,,,,,,,,,,,,,,,,,,,,,,,,,,,,,,,,,,,,,,,,,,,,,,,,,,,,,,,,,,,,,,,,,,,,,,,,,,,,,,,,,,,,,,,,,,,,,,,,,,,,,,,,,,,,,,,,,,,,,,,,,,,,,,,,,,,,,,,,,,,,,,,,,,,,,,,,,,,
,,,,,,,,,,,,,,,,,,,,,,,,,,,,,,,,,,,,,,,,,,,,,,,,,,,,,,,,,,,,,,,,,,,,,,,,,,,,,,,,,,,,,,,,,,,,,,,,,,,,,,,,,,,,,,,,,,,,,,,,,,,,,,,,,,,,,,,,,,,,,,,,,,,,,,,,,,,,,,,,,,,,,,,,,,,,,,,,,,,,,,,,,,,,,,,,,,,,,,,,,,,,,,,,,,,,,,,,,,,,,,,,,,,,,,,,,,,,,,,,,,,,,,,,,,,,,,,,,,,,,,,,,,,,,,,,,,,,,,,,,,,,,,,,,,,,,,,,,,,,,,,,,,,,,,,,,,,,,,,,,,,,,,,,,,,,,,,,,,,,,,,,,,,,,,,,,,,,,,,,,,,,,
,,,,,,,,,,,,,,,,,,,,,,,,,,,,,,,,,,,,,,,,,,,,,,,,,,,,,,,,,,,,,,,,,,,,,,,,,,,,,,,,,,,,,,,,,,,,,,,,,,,,,,,,,,,,,,,,,,,,,,,,,,,,,,,,,,,,,,,,,,,,,,,,,,,,,,,,,,,,,,,,,,,,,,,,,,,,,,,,,,,,,,,,,,,,,,,,,,,,,,,,,,,,,,,,,,,,,,,,,,,,,,,,,,,,,,,,,,,,,,,,,,,,,,,,,,,,,,,,,,,,,,,,,,,,,,,,,,,,,,,,,,,,,,,,,,,,,,,,,,,,,,,,,,,,,,,,,,,,,,,,,,,,,,,,,,,,,,,,,,,,,,,,,,,,,,,,,,,,,,,,,,,,,
,,,,,,,,,,,,,,,,,,,,,,,,,,,,,,,,,,,,,,,,,,,,,,,,,,,,,,,,,,,,,,,,,,,,,,,,,,,,,,,,,,,,,,,,,,,,,,,,,,,,,,,,,,,,,,,,,,,,,,,,,,,,,,,,,,,,,,,,,,,,,,,,,,,,,,,,,,,,,,,,,,,,,,,,,,,,,,,,,,,,,,,,,,,,,,,,,,,,,,,,,,,,,,,,,,,,,,,,,,,,,,,,,,,,,,,,,,,,,,,,,,,,,,,,,,,,,,,,,,,,,,,,,,,,,,,,,,,,,,,,,,,,,,,,,,,,,,,,,,,,,,,,,,,,,,,,,,,,,,,,,,,,,,,,,,,,,,,,,,,,,,,,,,,,,,,,,,,,,,,,,,,,,
,,,,,,,,,,,,,,,,,,,,,,,,,,,,,,,,,,,,,,,,,,,,,,,,,,,,,,,,,,,,,,,,,,,,,,,,,,,,,,,,,,,,,,,,,,,,,,,,,,,,,,,,,,,,,,,,,,,,,,,,,,,,,,,,,,,,,,,,,,,,,,,,,,,,,,,,,,,,,,,,,,,,,,,,,,,,,,,,,,,,,,,,,,,,,,,,,,,,,,,,,,,,,,,,,,,,,,,,,,,,,,,,,,,,,,,,,,,,,,,,,,,,,,,,,,,,,,,,,,,,,,,,,,,,,,,,,,,,,,,,,,,,,,,,,,,,,,,,,,,,,,,,,,,,,,,,,,,,,,,,,,,,,,,,,,,,,,,,,,,,,,,,,,,,,,,,,,,,,,,,,,,,,
,,,,,,,,,,,,,,,,,,,,,,,,,,,,,,,,,,,,,,,,,,,,,,,,,,,,,,,,,,,,,,,,,,,,,,,,,,,,,,,,,,,,,,,,,,,,,,,,,,,,,,,,,,,,,,,,,,,,,,,,,,,,,,,,,,,,,,,,,,,,,,,,,,,,,,,,,,,,,,,,,,,,,,,,,,,,,,,,,,,,,,,,,,,,,,,,,,,,,,,,,,,,,,,,,,,,,,,,,,,,,,,,,,,,,,,,,,,,,,,,,,,,,,,,,,,,,,,,,,,,,,,,,,,,,,,,,,,,,,,,,,,,,,,,,,,,,,,,,,,,,,,,,,,,,,,,,,,,,,,,,,,,,,,,,,,,,,,,,,,,,,,,,,,,,,,,,,,,,,,,,,,,,
,,,,,,,,,,,,,,,,,,,,,,,,,,,,,,,,,,,,,,,,,,,,,,,,,,,,,,,,,,,,,,,,,,,,,,,,,,,,,,,,,,,,,,,,,,,,,,,,,,,,,,,,,,,,,,,,,,,,,,,,,,,,,,,,,,,,,,,,,,,,,,,,,,,,,,,,,,,,,,,,,,,,,,,,,,,,,,,,,,,,,,,,,,,,,,,,,,,,,,,,,,,,,,,,,,,,,,,,,,,,,,,,,,,,,,,,,,,,,,,,,,,,,,,,,,,,,,,,,,,,,,,,,,,,,,,,,,,,,,,,,,,,,,,,,,,,,,,,,,,,,,,,,,,,,,,,,,,,,,,,,,,,,,,,,,,,,,,,,,,,,,,,,,,,,,,,,,,,,,,,,,,,,
,,,,,,,,,,,,,,,,,,,,,,,,,,,,,,,,,,,,,,,,,,,,,,,,,,,,,,,,,,,,,,,,,,,,,,,,,,,,,,,,,,,,,,,,,,,,,,,,,,,,,,,,,,,,,,,,,,,,,,,,,,,,,,,,,,,,,,,,,,,,,,,,,,,,,,,,,,,,,,,,,,,,,,,,,,,,,,,,,,,,,,,,,,,,,,,,,,,,,,,,,,,,,,,,,,,,,,,,,,,,,,,,,,,,,,,,,,,,,,,,,,,,,,,,,,,,,,,,,,,,,,,,,,,,,,,,,,,,,,,,,,,,,,,,,,,,,,,,,,,,,,,,,,,,,,,,,,,,,,,,,,,,,,,,,,,,,,,,,,,,,,,,,,,,,,,,,,,,,,,,,,,,,
,,,,,,,,,,,,,,,,,,,,,,,,,,,,,,,,,,,,,,,,,,,,,,,,,,,,,,,,,,,,,,,,,,,,,,,,,,,,,,,,,,,,,,,,,,,,,,,,,,,,,,,,,,,,,,,,,,,,,,,,,,,,,,,,,,,,,,,,,,,,,,,,,,,,,,,,,,,,,,,,,,,,,,,,,,,,,,,,,,,,,,,,,,,,,,,,,,,,,,,,,,,,,,,,,,,,,,,,,,,,,,,,,,,,,,,,,,,,,,,,,,,,,,,,,,,,,,,,,,,,,,,,,,,,,,,,,,,,,,,,,,,,,,,,,,,,,,,,,,,,,,,,,,,,,,,,,,,,,,,,,,,,,,,,,,,,,,,,,,,,,,,,,,,,,,,,,,,,,,,,,,,,,
,,,,,,,,,,,,,,,,,,,,,,,,,,,,,,,,,,,,,,,,,,,,,,,,,,,,,,,,,,,,,,,,,,,,,,,,,,,,,,,,,,,,,,,,,,,,,,,,,,,,,,,,,,,,,,,,,,,,,,,,,,,,,,,,,,,,,,,,,,,,,,,,,,,,,,,,,,,,,,,,,,,,,,,,,,,,,,,,,,,,,,,,,,,,,,,,,,,,,,,,,,,,,,,,,,,,,,,,,,,,,,,,,,,,,,,,,,,,,,,,,,,,,,,,,,,,,,,,,,,,,,,,,,,,,,,,,,,,,,,,,,,,,,,,,,,,,,,,,,,,,,,,,,,,,,,,,,,,,,,,,,,,,,,,,,,,,,,,,,,,,,,,,,,,,,,,,,,,,,,,,,,,,
,,,,,,,,,,,,,,,,,,,,,,,,,,,,,,,,,,,,,,,,,,,,,,,,,,,,,,,,,,,,,,,,,,,,,,,,,,,,,,,,,,,,,,,,,,,,,,,,,,,,,,,,,,,,,,,,,,,,,,,,,,,,,,,,,,,,,,,,,,,,,,,,,,,,,,,,,,,,,,,,,,,,,,,,,,,,,,,,,,,,,,,,,,,,,,,,,,,,,,,,,,,,,,,,,,,,,,,,,,,,,,,,,,,,,,,,,,,,,,,,,,,,,,,,,,,,,,,,,,,,,,,,,,,,,,,,,,,,,,,,,,,,,,,,,,,,,,,,,,,,,,,,,,,,,,,2010-12-01 00:00:00,2011-12-01 00:00:00,2012-12-01 00:00:00,2013-12-01 00:00:00,2014-12-01 00:00:00,2015-12-01 00:00:00,2016-12-01 00:00:00,2017-12-01 00:00:00,2018-12-01 00:00:00,2019-12-01 00:00:00,2020-12-01 00:00:00,2021-12-01 00:00:00,2022-12-01 00:00:00,,,,,,,,,,,,,,,,,,,,,,,,,,,,,,,,,,,,,,,,,,
,,,,,,,,,,,,,,,,,,,,,,,,,,,,,,,,,,,,,,,,,,,,,,,,,,,,,,,,,,,,,,,,,,,,,,,,,,,,,,,,,,,,,,,,,,,,,,,,,,,,,,,,,,,,,,,,,,,,,,,,,,,,,,,,,,,,,,,,,,,,,,,,,,,,,,,,,,,,,,,,,,,,,,,,,,,,,,,,,,,,,,,,,,,,,,,,,,,,,,,,,,,,,,,,,,,,,,,,,,,,,,,,,,,,,,,,,,,,,,,,,,,,,,,,,,,,,,,,,,,,,,,,,,,,,,,,,,,,,,,,,,,,,,,,,,,,,,,,,,,,,,,,,,,,,,,,,,,,,,,,,,,,,,,,,,,,,,,,,,,,,,,,,,,,,,,,,,,,,,,,,,,,,
,,,,,,,,,,,,,,,,,,,,,,,,,,,,,,,,,,,,,,,,,,,,,,,,,,,,,,,,,,,,,,,,,,,,,,,,,,,,,,,,,,,,,,,,,,,,,,,,,,,,,,,,,,,,,,,,,,,,,,,,,,,,,,,,,,,,,,,,,,,,,,,,,,,,,,,,,,,,,,,,,,,,,,,,,,,,,,,,,,,,,,,,,,,,,,,,,,,,,,,,,,,,,,,,,,,,,,,,,,,,,,,,,,,,,,,,,,,,,,,,,,,,,,,,,,,,,,,,,,,,,,,,,,,,,,,,,,,,,,,,,,,,,,,,,,,,,,,,,,,,,,,,,,,,,,,35068.3,26060.23,32091.7,39076.90000000001,36553,39920,35351.2,34353,47426,33916,27525,31910,38443,,,,,,,,,,,,,,,,,,,,,,,,,,,,,,,,,,,,,,,,,,
,,,,,,,,,,,,,,,,,,,,,,,,,,,,,,,,,,,,,,,,,,,,,,,,,,,,,,,,,,,,,,,,,,,,,,,,,,,,,,,,,,,,,,,,,,,,,,,,,,,,,,,,,,,,,,,,,,,,,,,,,,,,,,,,,,,,,,,,,,,,,,,,,,,,,,,,,,,,,,,,,,,,,,,,,,,,,,,,,,,,,,,,,,,,,,,,,,,,,,,,,,,,,,,,,,,,,,,,,,,,,,,,,,,,,,,,,,,,,,,,,,,,,,,,,,,,,,,,,,,,,,,,,,,,,,,,,,,,,,,,,,,,,,,,,,,,,,,,,,,,,,,,,,,,,,,21820.9,5248.5,8550.2,11354.699999999999,6616,8139.1246915514375,14195,8320,13257,18537,10781,12555,17473,,,,,,,,,,,,,,,,,,,,,,,,,,,,,,,,,,,,,,,,,,
,,,,,,,,,,,,,,,,,,,,,,,,,,,,,,,,,,,,,,,,,,,,,,,,,,,,,,,,,,,,,,,,,,,,,,,,,,,,,,,,,,,,,,,,,,,,,,,,,,,,,,,,,,,,,,,,,,,,,,,,,,,,,,,,,,,,,,,,,,,,,,,,,,,,,,,,,,,,,,,,,,,,,,,,,,,,,,,,,,,,,,,,,,,,,,,,,,,,,,,,,,,,,,,,,,,,,,,,,,,,,,,,,,,,,,,,,,,,,,,,,,,,,,,,,,,,,,,,,,,,,,,,,,,,,,,,,,,,,,,,,,,,,,,,,,,,,,,,,,,,,,,,,,,,,,,13247.400000000001,20811.73,23541.5,27722.20000000001,29937,31780.87530844856,21156.199999999997,26033,34169,15379,16744,19355,20970,,,,,,,,,,,,,,,,,,,,,,,,,,,,,,,,,,,,,,,,,,
