"Valeurs ajoutées en volume (prix chaînés, base 2014)",,,,,,,,,,,,,,,,,,,,,,,,,,,,,,,,,,,,,,,,
,,,,,,,,,,,,,,,,,,,,,,,,,,,,,,,,,,,,,,,,
,2014:1,2014:2,2014:3,2014:4,2015:1,2015:2,2015:3,2015:4,2016:1,2016:2,2016:3,2016:4,2017:1,2017:2,2017:3,2017:4,2018:1,2018:2,2018:3,2018:4,2019:1,2019:2,2019:3,2019:4,2020:1,2020:2,2020:3,2020:4,2021:1,2021:2,2021:3,2021:4,2022:1,2022:2,2022:3,2022:4,2023:1,2023:2,2023:3,2023:4
Secteur primaire,,,,,5.014301114692277,3.1352732050156096,3.099919909974891,0.7906236430341274,-22.004767796977987,0.2870869920988284,1.8937503897937136,1.0044655522059687,15.129123408729273,2.9686952389618604,0.03562582294831529,-0.9486133458690538,2.3867459850182238,3.467586711462145,-0.9370871482931253,-0.4172852391611692,-5.1450764101745206,1.9052441355383865,0.5003293190758429,-1.7851957886174885,-5.256303600169343,-0.2567393321962763,-0.018390074083096675,-4.622603880022114,23.07961305453743,0.6877679555386873,0.35649284395704584,-1.539035225437524,-10.229117178434544,-1.022230203203911,-0.6646000375932437,0.4923618338614766,2.9756305538265027,-1.1159988877189386,1.011704978440009,-2.6477242980118887
Agriculture,,,,,5.35274886544046,3.2277534293162047,3.34769704588489,0.5089810336611933,-23.343021270375797,0.7505973291937362,2.420006703764699,0.48062318701525,16.93095615010929,3.1708138511250095,-0.1588274317259275,-0.5706322852271017,3.41865927613596,3.204360045956367,-0.7656228578342694,-0.7057295260747276,-6.520037086261443,2.732482480986742,-0.37831334896056834,-0.5440261293743198,-7.072228608716157,0.9696222919731268,-3.3559611657248523,-0.9672287489862375,21.906869549523368,0.7395847340282646,-0.21756544854341087,-0.9423728085076521,-10.116201388274638,-0.7122491382336893,0.2231918460804394,-0.9155448221575435,3.5697279542722837,-1.21972316861223,-0.3778231772565199,-0.785117515129441
Pêche,,,,,-1.8127796465953527,1.1336460288421613,-2.3739737250063397,7.377335665900531,5.3661596761593655,-6.689777612095938,-6.833158597876398,10.602834614766543,-9.344457847166709,-1.9805768794684098,2.1197142868899066,-6.376703331658229,-11.17957522289541,5.822260463486084,-5.073595811832665,5.329223685022821,18.050316548067457,-9.56705242817989,11.315887312453432,-16.33784032273945,28.449018459903353,-16.702742444595597,56.81784572657402,-42.25359600032955,35.22989609071641,9.032582851815917,-8.435495969232587,10.840986443214007,-22.258312186462692,3.1344713102960498,-34.57923193847734,71.21808753750942,-17.827170052300623,11.468657391144266,8.687812838479614,-15.609840539029761
Secteur secondaire,,,,,2.208686049468933,1.9142284301357115,0.932503905875981,0.21600933143881562,0.3527495699566563,-1.0006507145875698,2.174157766007201,0.42569436349639833,0.8243692982081052,1.9468090837702068,-0.5031816825919022,0.6980393038252153,1.9644517001509154,-0.13349763876713272,1.0447067182310477,-0.061590858124360714,2.104599785383332,2.957149141329496,-0.9913529237548069,-0.9087713027414179,0.1431192645465984,-14.37903221125133,13.011344582585993,1.171592664193244,4.361876584954816,-0.6868897154607922,0.9046675820893579,1.442178764500901,-3.1593809009865526,1.659881124233853,-1.0142116719100258,-1.7731815155666242,-0.46511533776236735,0.15722611699828803,2.548655605220418,5.738154880473867
Industrie d’extraction,,,,,0.8949844103886662,2.5090619524752222,2.3988927969685436,-0.8755613220839176,1.6267305198903959,-1.6194267016144792,2.2079238593701644,2.619155230328274,1.868153634552705,10.021319333914525,-3.0695764420462623,1.2655804382258218,-2.4138694626331003,0.8200802165055032,-1.1701442275882545,-0.3253881430389738,4.087008012868232,-2.230153567763571,1.0990029744027074,0.21560446796646815,0.5071904694923468,2.4005034970663086,-1.1003083307954964,2.8629518749375915,5.195545480486663,-1.1919877864568607,2.2597609974886357,-1.424319628856452,-12.944448985784419,-6.663157289678545,-4.123539590605374,-19.488478039308145,10.227464224301762,0.0015926466810256557,7.608505982716585,12.047651313770125
Industrie de transformation,,,,,3.090438027710074,1.9684123460570024,0.622633100741421,-0.6623256107777142,-0.3235096226110845,-0.9944148553694854,2.3084732587207224,1.1746915717966155,0.9579709481603471,1.5037398301410487,-1.1395484019463553,0.28121874728448404,2.368455123165858,-0.38213689343559176,1.9961012817584889,0.25521106552677253,0.526426376964384,3.7642597560972213,-1.735448076105539,-0.6856630650571516,-0.16222930724848483,-19.248754523533307,19.316580328738464,-0.855109022888012,7.067505268395813,-2.235463205467725,1.1988395533199858,1.586245776459494,-0.9307504877867023,2.687451495597659,0.5047790292648457,-0.37472186327162094,0.7723989715394453,-1.6861434305643574,3.2227877370677227,5.76806489783388
Fabrication de produits alimentaires et de boissons,,,,,-1.2228236057639785,6.047603535970403,-0.6025096981997158,1.247105885888411,-2.9364918862874623,0.5763526265198271,2.4052199285290454,2.5789160147190016,4.213378106265897,-0.8798828020984528,-0.6277332688432447,-2.2724957196676554,2.3901301614721593,0.695520535343519,3.123959822470268,0.8207938585086838,-3.9265568119740024,4.922383077343939,-0.2015053285578272,-0.8191731180774986,2.6447954939371687,-2.1326125396928464,-3.6095745826312475,2.0364462762168856,4.82491962530851,-0.7727304122182033,-0.744983949694622,3.215193692928242,-1.033996762862932,6.653650598669603,0.9621722874137539,0.46643137259374523,-1.811989320785956,1.43977965639297,2.3771139802543084,-2.394197773840012
"Fabrication de textiles, d’articles d’habillement, de cuir et d’articles de cuir",,,,,3.3269491848000543,-2.485336514785119,3.319583868837772,-3.9132950584642168,3.8356502006252846,0.7863047107274479,-3.7917693042654244,5.5660427367025145,-2.2285482257177747,1.0409968453090501,-4.722579215594402,5.410707727446029,-1.983956349410032,-0.696792740849328,3.0713650135985704,1.599006672610992,-4.0625538310337,6.499057625339355,-4.9293010233818375,2.2966443602018716,-6.955078394480285,-35.5338138913476,47.189551484805705,-8.796062081154377,16.637734626457146,-8.30005202375579,7.51916320125372,-6.446424994231437,13.748296318147935,-1.8043794201570762,0.35121898783678773,0.9996758735746347,0.6139936848967409,-1.6089652498489593,-3.5352731080178112,1.7300454305116064
Fabrication d’articles en bois et en papier; imprimerie et reproduction de supports,,,,,6.275404944411367,3.113973367064582,-1.8652424341098928,0.6641881604569466,0.24032390842854134,1.8579498851696297,4.349175665919702,1.2816574200402941,-1.112727296829219,-3.045470362462721,0.301425448735837,-0.40786189145235463,4.631955803412491,1.6361198084633877,-1.8833036092364641,-1.2659409787532439,-0.9056845764622068,5.085815885287359,-0.7984269347038664,-2.515920597134369,2.6795375661758936,-20.37803286965919,13.51707642263591,6.179103338918535,5.785966266381304,-9.415495040791944,7.729293877668919,2.354569910562576,-2.7835869956150616,-0.36681588557905265,-1.1497659740202337,-1.9263791177275502,-0.5280055754756763,3.42379128113226,0.16200160201265135,-2.2709903375090046
Cokéfaction et fabrication de produits pétroliers raffinés ,,,,,2.1657119511151235,-17.591222315028666,-21.398553622126826,-27.29060517691443,-71.0127132715904,0,0,0,-0.7462694708513906,0,0,0,0.7352930283432091,0,0,0,0,0,0,0,-1.928765869241289e-06,0,0,0,0,0,0,0,0.7352941176470562,0,0,0,0.7230188285226369,-0.9571050549408988,0,0
Fabrication de produits chimiques,,,,,5.252014691165741,-2.5357346353531374,0.6576347711827468,-0.053920297640730475,-3.082080677613608,-6.524725544790333,7.266106884970425,4.101597239813315,3.870654672499141,3.9344269054078174,-1.4944485978653943,0.06861624388241339,2.059106725701443,3.475235744705385,0.6685538764320098,1.197136679974209,1.0975097572288428,3.294970086300908,-1.5501560877622667,2.035544834979097,3.1135911763974233,1.2751755543937815,2.396187999860011,0.7669073337133181,-1.3205354745468911,-1.3488190600858596,-2.76846732141528,1.0179098076512405,-2.5868007225584466,-0.5322564385253359,0.1327189245247551,-5.5799114554920815,1.5762783450790296,-3.8749926426752235,5.910554813193092,17.874918563087782
Fabrication de produits pharmaceutiques de base et de préparations pharmaceutiques,,,,,7.462455903962462,-3.1792101235841974,2.431286457456805,-4.057106624703977,6.177985372248385,3.0805301006280983,-3.546821715472359,-3.2253095850600766,1.9002175186227266,3.3110996308830076,2.2261571191147578,2.0846388846761155,3.038474351854048,-3.1910040165562092,-0.9284375623290764,2.3411929275457766,-3.033878425109071,9.14958008502158,-1.4253350818256405,-1.3138283147035357,10.69760415473242,-16.142467134559467,5.9766032067881225,9.817753942743334,2.9172944445833515,-1.0475932237813623,-4.316937281945843,2.0117621155847365,14.001204903439657,-10.327127365328026,15.788340667685063,-2.6759963348382376,-0.05048513230061502,13.68693512667245,1.4013348344604548,-6.0062513215839
"Fabrication d’articles en caoutchouc et en matières plastiques, et autres produits minéraux non métalliques",,,,,1.5519634986449038,3.3781934838959415,-3.583189331256642,2.732866963683267,-0.24677342985675033,-1.6879147693748986,3.4122974570412357,-2.7340434665478086,0.2450935814152233,-2.034406114167897,3.1146542228456253,0.9842522357596639,-0.01005266782699854,3.0827021090838347,-1.248388962530278,-0.24055269284091185,6.630713871746563,3.2047792056114854,-3.3370646991859654,-0.27138559546773244,-5.124943403387006,-22.573597693988024,29.07533385497716,-1.0786291788456137,3.64260044092628,-0.19895651898718114,3.4498010928681655,0.9013743269053576,-3.0365015747701007,-4.7646572735990045,-2.0038932542129184,2.7334292236851354,2.653062773917725,-0.7727022065912692,6.452304216531868,-3.803577545112713
"Fabrication de produits métallurgiques de base et d’ouvrages en métaux, sauf machines et matériel",,,,,10.015567757960241,-4.205622078594084,-2.490204184054745,4.677626229668652,-1.052463295785211,3.6286471947070353,-7.743044297697866,3.8317141470344485,-8.959695052865557,16.405734481833868,-3.364738542743173,-8.422335249642199,3.830635304186014,2.5286206371538444,0.3118532605755897,-11.330762342147615,7.136770570209294,4.251252842852926,-2.356200883004922,-8.790434755987775,10.634119051622726,-34.01573654163796,35.57368155190428,4.310936481847172,6.484236112803665,-2.3335095358526403,-1.4845234524018314,19.39926599624777,-16.149463793079487,6.603129261565299,-0.499730429964218,-2.3803464506685468,-1.4120054238945356,-4.854131751202917,0.555753594787034,4.347177443127381
"Fabrication d’ordinateurs, d’articles électroniques et optiques",,,,,-1.270022292381856,0.423459985993091,-0.9001380929547498,0.9565428558087063,1.0119833252886234,-0.7603364212439345,0.0665067009278486,-2.9571943473873374,-1.0790618927244644,4.045239869819373,0.43640084214269237,0.0017473027173586786,3.732291062264892,2.0822525337677034,2.431296710831332,-0.47768005948042314,5.901953371169033,-3.3508164854111677,1.2538567304764658,-2.561679037390008,0.5699534215980684,-0.8496823130821451,-5.068608922193551,-8.10337066704041,46.17400212470899,10.660063138042775,-6.813481673205102,-20.955785834805674,26.33448774022853,4.795493849450949,0.38706895348925574,3.3669864848771214,-0.4201651353781033,1.6204028179419572,16.830637761000112,3.268375956482017
Fabrication de matériel électrique ,,,,,2.5070683294827756,-0.7614069600347717,10.279043352668115,-9.545715488784767,4.960516522527003,-2.5341397502108842,3.285778607348089,-6.217312864725488,11.640157636245995,-4.264441478827141,1.622594024640911,1.99627828932607,-4.58677117383457,7.522217803836906,-5.258370711278504,8.137357965061431,-1.5729500556943221,-1.691909880775344,2.914200313273385,7.366920657833775,-7.225241804820004,-42.332777531286844,65.216944855495,-2.694432357022525,13.536155891176382,-4.868502747872327,13.797829153474028,-17.085280166963756,9.799689733382234,20.47578530844294,-16.656702134224368,13.944703583850583,0.9467791313756635,3.0134948957962315,-6.678106496672576,1.999143982703644
"Fabrication de machines et de matériel, n.c.a. ",,,,,-2.404257447168834,6.1697533877092425,1.579764641653325,-2.4726078235594584,7.007948119868201,-0.7406947968641608,0.1276328982249053,3.883366397482302,4.258773081437872,-6.802426145231699,-2.238644923649613,-1.2172160590922299,13.650945974457551,-10.637551722971562,-0.14855080015642175,6.351704083022791,-2.692664353069718,2.7561065291895392,-0.23423941587888963,-4.490863639453979,-0.3291982787227421,-45.559941684810624,81.64720417531174,2.569137524161591,-5.209631413973415,0.6917734372912321,2.0532711605476983,-7.999396259851865,11.889451683751195,-6.404500802231716,-2.7519477811300597,6.7434255821355205,-0.46338335671974873,-6.196027753351996,0.8969282320163474,6.420612803157266
Fabrication de matériel de transport,,,,,5.22471043657271,10.475674842297655,9.38814260819909,-4.271710200097035,3.1100595765125583,1.0035121888437581,15.081382808729927,-9.796671558203018,4.9550315694624425,2.2697926424767534,-0.4593079636598496,5.747878930754813,5.719411728284252,-1.3292391573118678,3.811650677903322,1.35696712530875,11.0018514812261,-1.5217306994215307,-1.6384838949528469,-1.9695742455972942,-2.8144701805949635,-45.042187361378126,84.74111501670525,-9.186453958158792,27.468171665676877,-0.9153672855275685,0.5610910558220494,0.8210095608048196,-2.4685950427776104,14.29239480321629,3.812772576287693,-2.14780114579578,12.361906051907123,-11.561932458294354,8.245076581103339,17.489893200419935
"Autres activités de fabrication (y.c fabrication de meubles),  réparation et installation",,,,,7.230614872498231,5.463697348509133,0.9637522174843705,-2.287711748914989,1.0929319784161118,-10.754961181162148,5.328844472824157,3.535363041446704,-4.297618246832324,6.503322852113902,-5.102374476229321,0.9680706554490381,11.886963660589656,-17.15347818101889,9.397853360947984,-1.2920537119154307,3.0229240199828755,3.56613853173513,-3.4151521960133047,-4.005999863872489,-2.2879195592581003,-30.67891561575895,36.13802323533075,-2.7281906561177016,-2.9352775014729438,-1.9044475031297914,0.0932843569431574,15.655719171104998,-12.23135868910501,7.607654432498467,-0.22315243392042605,-0.5788996380728162,-1.9217077847828556,8.65193164119875,1.5623802555613908,-3.340791022424039
"Distribution d’électricité et de gaz- Distribution d’eau, réseau d’assainissement, traitement des déchets ",,,,,4.467991933897952,0.6123514996847712,1.0402886424545343,-0.45523381486148873,0.014725587544806018,-1.702862108634151,7.374129149866548,-3.5326886053202555,-0.713529077660624,2.5620892480436197,0.4833775617808067,3.955338438874967,2.2586116259503575,-1.6032511081177536,4.2058689568440055,6.436626146403057,9.69862765736178,-1.232045930106318,-1.5109208387426798,-0.6249822277102135,2.158266098981332,-9.245835370444954,12.121423578889123,-1.58961127178332,2.199524008931908,2.562878759776299,1.600010756535064,1.3913425114796096,-6.160975882863518,0.9063665825550737,-0.4794525959685103,-3.0366203261224634,-11.520129729181306,4.835098068351273,0.20757287920722955,-1.0422706952199823
Construction ,,,,,-0.5296804776226072,2.1199655129830575,1.1591082579947454,3.2596028396596477,1.8966639711595512,-0.5009648434115554,-0.5609959014286292,-0.5250045123250335,1.3292655282239663,0.08702623059357872,1.8098073782193635,-0.781174090868797,2.6622287958524504,0.7385774025352676,-1.9082424373446316,-5.107563389714908,1.6795492899465803,4.937335126121556,1.2666765397459923,-2.6933432278996694,0.021114450195258705,-9.76690280244209,3.625755539732456,7.535134282387745,-0.49296705130883467,-0.25011108431656215,1.0765115737058961,0.7751889888735208,-2.6510338816060575,-0.3806982285863847,-3.050151583927696,-1.3786544852391391,2.677160617802077,0.25279965658766557,0.2493361287497553,0.48721293003171073
Secteur tertiaire,,,,,1.3005729326186932,0.8856346447531305,-0.045895003552831604,0.8663092710364806,0.7464766652863775,0.47860117617606335,2.0006587264592257,1.0436222931950123,0.2815499759864837,0.9165886106570431,0.3281709880695205,0.8758346040196541,0.4243480027676938,1.3330115905186402,0.19717974518402848,1.0614437299145907,1.26128125981666,2.5487645924580082,-1.0920928694881038,0.028525598412842967,-3.3184856139824137,-10.234554115285777,4.923613645013369,2.7527037810161747,1.6934665627712286,1.0695560824333317,2.189088801431338,1.3771380302293634,1.2543301834442744,2.401695455589903,1.9471090241505173,0.8116870728868797,1.3096180079417596,1.3076955588777306,0.8718864934233128,0.9251558663331716
Commerce de gros et de détail; réparation de véhicules automobiles et de motocycles,,,,,3.200955193604771,1.6067191199596653,-0.19127121942249525,0.7379509034167286,-1.568149530964813,1.3443510033714023,2.71131500131061,3.14677178315248,0.9220866829890983,-0.34890533083872244,-1.1080249791360797,1.6178214247068778,-2.2782376638925683,0.8738126033809079,0.9673210270653598,1.6721682690350237,-1.9636749062840075,3.4536436048049124,-0.5345287528602638,-0.7027753766594591,-1.681946934056433,-13.986889429469118,11.418658820725813,2.024954215319119,2.7687817845984286,0.9925782691836638,2.0120176343260576,1.5928753067758983,-3.420524566492933,0.7298835627115974,-0.7054813887571676,1.1086047876506466,1.6203572264853916,0.6488846461229381,0.23774890383023717,0.8479167935713461
Transports et entreposage,,,,,2.784795065603052,2.417890287607438,-0.03981701782262981,1.3719243605854858,-0.224050151232702,-2.996534956152319,4.1426765575430124,-0.08087153056297591,0.5268457500649637,-0.8815846215040279,0.3236686246821163,0.2705812380137118,-0.7690686121569534,3.8847089522412226,-5.466161152787374,0.24737684329119158,5.83642129894264,10.599383728884426,-10.054298035234732,-3.831249789224933,-1.252116807023973,-39.41329077114586,13.424012093610504,13.039606297235729,5.780734631289519,0.07350639007339677,7.5871126106797915,-2.4014721168602815,-1.8265690747905072,3.37597574225883,3.012397924666166,-0.51656459101318,3.4704787866313147,1.0711260541650391,0.29454638723351856,1.4410583481734074
Activités d’hébergement et de restauration,,,,,1.285982949559461,1.5317477999952755,-3.8729710173487253,1.770227433527105,0.6689194088019601,-0.8298304946387725,5.765082421787993,1.9790752698912506,2.8190605381751332,2.8205031323666585,1.0349220705665463,1.8995586560671018,2.5144578124997485,1.496591080915488,-1.9841221458431035,3.3616889056967247,1.0778030869016408,4.111131660146228,-6.655731582968761,4.040366367844328,-28.062040938708034,-57.558312495833455,16.511384942691,20.320343150182406,11.470505747569092,3.306060440675518,9.554990388822171,6.849424591626163,18.775926774023688,20.403949500816275,18.83081521416794,3.532893557991712,3.5689896821348155,2.895354984379739,1.3251809049189989,0.45549050233255617
Information et communication,,,,,0.4053258918614189,-2.0965380066480743,-2.5222566707953087,-1.1694506624779,4.510839952090295,3.2962119268232337,1.583074887760838,1.2019929101410032,-7.218278888754814,2.6847346990610976,1.5136802168180807,0.970738579895225,-1.0314090878850934,2.533859853176512,0.8757530381294343,0.1734215740397227,0.08503716318064569,0.5945564644267876,0.96263445187319,1.1133738440160856,4.285817597669861,-2.082705544930663,-0.20451034578481408,4.203016680718807,-5.227786890815899,0.18656091069879643,0.9469184220506577,3.2222322605644393,0.5983775542626635,0.16177592460875356,1.1344484032593583,-1.8131603759905746,5.663946769522021,1.0866590449816416,-0.47272084453304775,-0.08995704320227116
Activités financières et d’assurances,,,,,0.25760582242793095,-0.028443974725178567,0.5566527429126333,2.1886756492930592,1.1726385162745823,1.3335143359894053,4.146604070495163,-1.0121978523144781,0.5546923117174973,2.3899183817066127,-0.15226227533809977,-0.3633308546478142,1.306283306539835,-0.4345840913163257,0.738379103943676,1.110454618966683,3.203920895353174,0.04402230216491443,1.3144251855168099,0.828947311805206,-2.0990621840057955,1.1376990057597514,0.6812258488369416,1.1510131012042013,-0.7364355022090763,2.855786953790007,0.5873346874025298,1.6781810051173407,4.229579660721705,3.1907839451132514,1.2295967842206545,0.8227097629046831,1.7865736926074849,1.433246014480516,1.395667657082389,2.0720890904655676
Activités immobilières,,,,,0.01084810829179439,0.2684097037874311,0.3894815879722069,0.4394030583646069,1.2736990590031194,0.6443738334165783,0.5404901703360387,0.38164867036001304,0.01140637102403641,0.5343349660793528,0.5399157220963735,0.538488791235392,1.4078413291881864,0.7126362506504336,0.5482382009315723,0.4306987732932033,0.7007990267024811,0.4086490675227594,0.12239674991645355,-0.1073130568138847,-1.2074950189397526,0.15486545637024562,0.2490017029666003,0.2505403751931867,1.8875836896612208,0.5907848339957056,0.49058920089830593,-0.01848872717299388,-0.6115537925022063,0.09834370297501227,0.19285628976595248,0.2866813406825264,1.8823211264876294,0.43467295151660146,0.09406903019397728,0.36823624740405236
Recherches et développement et services rendus aux entreprises,,,,,2.790760444607887,2.972641300123202,1.1699119794874813,1.8809091689954371,3.292111734436154,-1.131097693730887,1.8427166543263374,1.0322981173909618,0.6407691019564288,2.780233258209086,0.7710084674294793,0.6138496350293954,1.4803498063332698,3.739270014511753,0.3646690239560879,0.09015555341149728,3.471063811746844,6.580435530718165,-1.8668613625903219,-1.640055264646434,-4.731644156449077,-23.154719512678035,19.77115378793297,5.528456601821952,2.3970149798471896,-2.501263125533648,4.35032525498924,2.5028772294185098,4.78749267760068,1.0941578952724518,2.2282045072498757,1.2329524363304145,1.8360422233254514,1.5939543464311035,1.9999009655014666,1.1974628237737317
Administration publique et défense; sécurité sociale obligatoire,,,,,0.8794636137670286,0.9021604763192359,0.9241868234587169,0.9455407728583332,1.0236627814349974,0.962925813450477,0.960174783923784,0.957414727381023,0.9395603058336643,0.957991158372784,0.9610154418783878,0.9638671982751701,0.5365573353735664,1.1442924868815263,1.312177948253379,1.4736721228357563,2.222344847894453,1.5323398853378967,1.4496948262584075,1.3703107254868119,1.1332767586419212,1.2857199202512826,1.2756262978692146,1.2657078886718853,1.2487387394171767,1.2493197141790757,1.2426450830840041,1.2360264399370102,1.6835169803421701,1.0388803784944223,0.859721375695699,0.6853520089416199,-0.2252536721796483,0.6463491602923144,0.7717650640287843,0.8944289212568401
"Education, santé humaine et activités d’action sociale",,,,,0.1846087281590414,0.19951013085865998,0.21432411107520366,0.2290444441911399,0.25764732942690216,0.2525654113379794,0.26143167788952315,0.2702277692818056,-0.17514207787253655,0.47086618206717556,0.6591873162358208,0.8441506749587768,1.8072784292670452,0.8835091406918405,0.7537703368385884,0.6270425942109581,0.38284979620004655,0.4288061613289429,0.35520554719778996,0.2824326130017152,-0.40014302864253004,0.3847344875535397,0.5561613546906985,0.7250304160652199,0.8281336154081664,1.077259420686305,1.2577645797654524,1.431742979105688,2.3092827886840306,1.4671733052394664,1.3521295058801286,1.2415135538309974,0.5562663278214197,1.2677849025839905,1.3893862664895673,1.5059359316251575
Autres services,,,,,0.38088602478933975,0.4877490630327497,0.5931641854526548,0.696813504024818,1.2577413773772195,0.7121085688756246,0.631241877398736,0.5519263263600749,0.34830446148146343,0.44771294288468155,0.4212304940410583,0.39507938487861605,0.5123933096028876,0.28621883744832655,0.20449825293096247,0.12334230972641524,3.486760437395642,-1.3680702666177824,-2.815779935451135,-4.3674928266457025,-14.393793764930706,-5.05298129590015,-3.133723367012975,-0.976140590105623,6.720567329695171,1.3180746286404865,1.4037598089257086,1.4857360185627444,2.4636287338743346,1.2725937646878904,1.006077488606838,0.7480269248217208,-0.6535483071135051,0.7147014917557426,0.9232545555210026,1.1264790842849592
Total valeur ajoutée,,,,,,,,,,,,,,,,,,,,,,,,,,,,,,,,,,,,,,,,
impots net subventions,,,,,9.783569032477168,1.361641501132138,0.6466494099445219,1.8332630733761013,0.5838786496182857,1.924062168500007,1.8866202920272857,0.05906467497724943,0.3837724846889934,1.3366823015263707,1.6157412516229597,1.1164177423885757,-0.7971015101990497,0.8075456321146257,0.6054521538488622,1.118774461751193,0.31822875516389626,0.7455572072545547,-0.19813558852337376,0.7503274258475523,-1.1120811062326985,-17.104003377342558,9.447412271753963,4.57733954583297,8.823279384591087,-3.7304704004614497,2.264389289354285,0.6715332673809193,-1.7624910640970048,2.9243907127100233,-0.04300148810415516,0.47063826245676843,2.9309163182622555,0.7385635693246018,0.609873086161028,2.4899659228488025
PIB chainé,,,,,2.715719602542177,1.438961226329849,0.6220635890615611,0.7888776357823479,-2.0559425548458465,0.20934655417117476,1.9984313669532794,0.7701136090691785,2.013966255967947,1.4411225722733345,0.1924131982102839,0.6361591480988471,0.9487248671845361,1.1357845072339057,0.3008326742200529,0.5992556304626806,0.7031962870200914,2.3884439375192246,-0.8273729314965506,-0.3479885910264602,-2.378964018028995,-10.99623857955282,6.7734462407172735,1.6946761084696949,5.35490158772296,0.06750438820581905,1.590218938482768,0.969892280533502,-1.4983644485740855,1.9037827408075358,0.6863454804549862,0.08196230993715581,1.2230607241444869,0.6990674081863268,1.2474685484468395,1.945500047441362
PIB non agriocle,,,,,2.4134609188656286,1.228043753197805,0.29433392738484887,0.8235569363165274,0.6668239060393377,0.1665524319590439,1.971933131437864,0.797987292553537,0.39085194359833597,1.239982258607708,0.2549368111678163,0.7846156899075085,0.6352010145568299,0.888269281295706,0.4520269601933746,0.762899009002882,1.525577153740243,2.348029123422335,-0.8541083715101205,-0.3185928331873811,-1.8697475332937086,-12.300635563949292,8.07192128034111,2.0005955002090348,3.527954375269382,-0.027527319540976425,1.853547986347226,1.2201988987360801,-0.46072025438529396,2.1922173183285265,0.767211945333468,0.19664612085621425,0.9258706338312939,0.9115950414575025,1.4461222905859605,2.2315107398754197
Valeur Ajoutée Hors Agriculture,,,,,,,,,,,,,,,,,,,,,,,,,,,,,,,,,,,,,,,,
