,,,,,,,,,,,,,,,,,,,,,,,,,,,,,,,,,,,,,,,,,
,,,,,,,,,,,,,,,,,,,,,,,,,,,,,,,,,,,,,,,,,
,,,,,,,,,,,,,,,,,,,,,,,,,,,,,,,,,,,,,,,,,
SECTEUR ET BRANCHE,1er trimestre 2016,2e trimestre 2016,3e trimestre 2016,4e trimestre 2016,1er trimestre 2017,2ème trimestre 2017,3ème trimestre 2017,4ème trimestre 2017,1er trimestre 2018,2ème trimestre 2018,3ème trimestre 2018,4ème trimestre 2018,1ertrimestre 2019,2ème trimestre 2019,3ème trimestre 2019,4ème trimestre 2019,1ertrimestre 2020,2ème trimestre 2020,3ème trimestre 2020,4ème trimestre 2020,1er trimestre 2021,2e trimestre 2021,3e trimestre 2021,4e trimestre 2021,1er trimestre 2022,2e trimestre 2022,3e trimestre 2022,4e trimestre 2022,1er trimestre 2023,2e trimestre 2023,3e trimestre 2023,4e trimestre 2023,1er trimestre 2024,2e trimestre 2024,3e trimestre 2024,4e trimestre 2024,1er trimestre 2025,2e trimestre 2025,3e trimestre 2025,4e trimestre 2025,1er trimestre 2026
,,,,,,,,,,,,,,,,,,,,,,,,,,,,,,,,,,,,,,,,,
Industries extractives,91.4,101.7,106.6,109.8,97.4,135.5,127.8,131.6,116.7,133.2,131.4,132.2,124.7,131.6,135,137,124.2,141.6,140.1,149,132,139.8,148.2,146.2,118.7,118,120.1,104,90,96,112.8,137.6,115.7,123.8,138.1,150.2,128.2,144.6,148.3,143.6,125.8
Extraction de minerais métalliques,101.5,95.1,97.5,110.3,104.2,96,100,109,105.8,97.6,101.5,111,108.2,96,103.4,112.2,99.9,88.1,96.8,107.2,103.5,87.9,102.6,108.2,104.7,87.9,104.6,117.1,103.3,89.2,105.1,117.3,103.5,89.7,105.3,117.5,103.7,89.8,108.7,118.3,104.4
Autres industries extractives,90.9,102,107,109.8,97.1,137.5,129.2,132.8,117.2,135,132.9,133.2,125.6,133.4,136.6,138.4,125.4,144.4,142.3,151.2,133.5,142.5,150.5,148.1,119.4,119.5,120.9,103.3,89.3,96.3,113.2,138.7,116.3,125.6,139.8,151.9,129.5,147.4,150.3,144.9,126.9
Industries manufacturières hors raffinage de pétrole,104.7,109.1,100.9,106.1,107.6,110.7,102.8,108.9,110.1,112.9,105.2,114.3,113.1,115.5,106.9,117.1,113.7,90.8,104.1,115.7,114.7,108.9,107.5,121.6,112.1,110.9,110.8,122.6,114.2,107,111.9,132.4,116.5,113.2,122.2,139,120.2,121.1,124.9,144.6,118.5
Industries alimentaires,108.2,107.6,109,109.7,121.9,114.9,114.2,106.9,120.2,111.2,117.8,112.4,120.2,114.4,118.4,113.2,129.2,113.2,113.7,114.1,134.1,117.3,123.8,126.9,132.4,127,134.4,131.6,133.3,120,134.1,123,136.8,111.7,146.2,126,137.7,121.8,162.7,138.5,132.9
Fabrication de boissons,99.8,89.3,98.9,113.4,88.4,83.6,119.5,123.7,89.3,73.8,94,125.8,84.6,69.5,99.4,125.7,82.2,62.3,99.5,123.5,80.5,74.8,100.5,117.9,81.2,76.9,103.9,150.9,85,86,104.9,150.4,82.1,74.5,97.6,153.2,77.6,78,96.8,156.2,79.2
Fabrication de produits à base de tabac,96.5,94.5,96.9,102.8,95.4,95.3,97.2,101.9,95.7,97.1,97.5,105.9,95.2,98.2,95.9,100.9,91.1,88.7,101.1,101.2,92.4,89,103.7,101.8,92.8,89,123.2,121.7,87.2,64.4,97.6,131.1,62.3,81,107.6,138.4,45.3,96.5,77,144.9,44.8
Fabrication de textiles,106.6,101,77.6,94.3,107.9,97.5,77.7,99.1,112.6,100.3,75.3,98.6,106.3,100.7,75.7,92.4,103.8,55.8,72.8,91.6,105.3,80.5,81.2,96.4,102.9,88.3,80.6,88.4,94.9,78,79.8,88.7,89.8,71.1,75.6,86.7,91,76.3,78.4,89.2,93.9
Industrie d’habillement,103.8,110,84.1,106,104.6,99.1,80,101.4,97.1,99.8,87.1,103.7,102.9,103.4,92.3,102.6,109.5,64.8,90.7,83.5,107.5,96.5,96.9,91.2,105.8,98.6,90.4,96.7,108.8,103.4,81.6,92.8,99.7,96.9,91.2,90.1,99.2,85.7,89.5,85.9,91.2
Industrie du cuir et de la chaussure (à l’exception de l’habillement en cuir),107.7,96,66.1,96.5,109.5,108.6,69.9,86.1,101.1,99.9,62.9,78.8,97.3,82.1,57.9,75.3,71.7,46.8,56.3,58.9,75,62,62.5,58.9,76.5,76.4,78.4,70.4,72,67.7,80.8,69.8,66.9,74.9,71.4,64.7,66.8,68.1,71.6,63,70.6
"Travail du bois et fabrication d’articles en bois et en liège, à l’exception des meubles ; fabrication d’articles en vannerie et sparterie",92,74.3,78,83.9,86.8,74.4,77.7,80.6,85.7,75.6,73.5,89.5,87.8,78.5,79.3,92,93,29.4,71.9,90.7,91.3,46.2,93.6,110,84.5,44.9,114.2,103.3,76.7,41,108.8,102,74.3,38.4,73.7,116.3,68.5,42.5,87,121.9,67.9
Industrie du papier et du carton,109.7,117.6,103.4,99.7,126.9,117.1,102.9,98,130.7,123.2,106,98.8,126.9,119.4,100.8,106,138.9,105.6,100.9,117.3,146.8,114,105.7,125,142.1,117.7,90,111.7,138,116.3,100.7,117.9,147.8,114.2,112.9,127.4,147.1,122.8,109.2,123.2,144.6
Imprimerie et reproduction d’enregistrements,107.8,98.1,99,106.1,110.6,99.7,100.2,115.3,121.6,107.9,105.5,122,123.1,109.4,111.8,120.7,121.6,89,73.5,115.4,124.4,106.6,83.8,123.1,132.6,133.2,103.2,142.9,130,142.6,103.3,144.3,123.9,133.2,128.1,137.9,120,132.2,106,141.4,107.3
Industrie chimique,108.4,128.8,118.4,106,112.4,136.1,122.6,112.4,120.6,143.4,130.2,125,129,149,132.4,133.2,139.6,153.9,147.5,149.2,148.3,154.6,142.6,145.8,135.5,143.7,134.8,127.7,126.7,129,132.3,156,143.4,153.2,156.4,166.3,155.2,167.4,163.2,167.5,153
Industrie pharmaceutique,104.3,101.5,90.6,99,104.1,99,93.7,108.5,114,98.7,92.1,107.7,109.8,103.8,99.1,111.5,129,91.8,96.9,119.1,129.8,108.2,105.4,118.4,142.7,107.9,130.1,133.8,143.1,138.6,150,143.8,153.5,136.2,145.6,154.7,169.7,146.5,120.4,199.4,177.3
Fabrication de produits en caoutchouc et en plastique,104.3,125.2,92.2,105.7,103.3,127.5,92.4,98.2,112.2,133.7,90.6,103.3,114.4,145.8,88.9,112,113.2,75.7,92.4,115.7,127.8,135.5,99.3,125.1,123.7,138.8,99.4,126.5,125.1,147.4,123.7,132.7,121,157.7,125.3,131,122.8,152.7,145.6,132.7,126.2
Fabrication d’autres produits minéraux non métalliques,103.3,103.4,92.6,102.3,102.2,93.7,93,105.5,100.8,102.2,93.9,103.2,103.3,100.4,94.2,105.7,98.6,68.8,91.1,103.7,99.4,95.3,95.9,109.6,99,88.4,85.1,96.4,96.3,86.8,94.3,100.7,97.7,89.6,99.3,113.3,100.5,99.3,111.4,118.7,91.9
Métallurgie,98.9,95.3,77.6,92.4,79.3,83.3,80.6,92.2,86.3,73.2,80.6,86,93.8,70,86.2,105.2,80,36.3,90.3,106.6,81,72,104.8,107.1,82.2,85.3,112,122.1,75,74.9,112.6,124.8,78.1,81.6,115.7,133.9,89,95.6,106.4,137.2,81.1
"Fabrication de produits métalliques, à l’exclusion des machines et des équipements",98,102.8,104.9,103.4,88.2,108.6,109.8,86.3,91.1,103.4,109.2,87.1,83.9,98.2,103.5,91.8,91.9,49.3,73.2,96.7,89.9,69.5,76.9,146.5,88.6,72,88.8,110.8,106.4,69.8,75.5,114.3,94,65,85.3,114.6,88.3,66.7,79.7,131.2,83.2
"Fabrication de produits informatiques, électroniques et optiques",95,99.8,92.5,100.7,91.3,103.4,96.4,107.9,99.9,103.7,102.4,122.4,117.1,108.7,105.4,126.8,99.1,95.5,78.4,94.9,75.1,98.7,81,76.6,72.8,92,83.5,106.4,76.4,90.3,101.5,134,100.3,113.7,118.5,168.4,94.7,120.3,113.3,147.1,101.4
Fabrication d’équipements électriques,92.1,102.9,75.6,112.6,97.5,107.2,78.9,127.4,90.8,110.2,78.5,132.1,99.2,110.4,89.1,139.3,98.6,63.6,84.1,114.7,102.5,107.9,103.2,115.9,99,131.8,89.6,140.3,122.1,139.8,109.3,150,110.5,124.9,112.3,167.8,137.8,145.2,115.5,163.9,122.2
Fabrication de machines et équipements n.c.a.,101,114.4,97.6,120,109.2,116.8,101,119.9,112.1,117.4,105.7,132.6,92.8,119.5,111.5,124.5,87,66.4,113.3,132.7,86,121.5,125.1,129.6,88.3,115.3,115.7,136.2,81.9,109,116,136.3,78.5,97.5,136.8,144,78.6,97,129.8,141,77.3
Industrie automobile,114.3,117.3,107.2,115.5,124.7,124.6,96.8,123.1,132.7,130.1,104,141.1,146.6,143,107.1,143.2,116.9,61.4,96.6,130.1,103.4,113.8,85.2,139.9,100.7,132.9,103.7,161.5,128.8,128.8,110.2,196.4,140.6,158.1,128.9,202.7,158.5,167,138.5,190.2,165.7
Fabrication d’autres matériels de transport,129.2,128.8,169.5,142.7,149.5,179.1,171.7,220.2,164.9,194.1,185.8,219.7,164.3,197.8,184.7,221.9,167.5,80,80,117.1,156.6,87.8,86.2,121.9,160.8,91.9,94.7,121.6,219,107.2,102.3,166.7,221.6,126.5,113.8,142.5,194.8,108.1,136.4,195.3,249.7
Fabrication de meubles,87.4,87.4,74.1,97.3,90.8,76.3,73.5,93.1,84.6,83.9,79.9,102.6,86,78.2,85.6,103.3,81.3,69.5,84.7,107.8,71.5,74.5,85.8,110,75.1,82.9,96,116.4,76,91.8,117.6,105.2,79.4,95.1,123.2,103.6,81.1,93.6,128.8,133.3,82
Autres industries manufacturés,95.2,122.3,102.3,108.2,102.5,118.1,100.4,122.2,110,110.4,103.6,124.3,106.4,108.1,99.2,100,104.6,76,88.9,94.5,88.7,89.9,80.8,81.9,79.3,89.7,82.1,94.8,84.5,90.1,69.2,91.1,83.6,75.8,66.4,80.6,81.7,82.2,63.5,68.2,85.7
Réparation et installation de machines et équipements,103.7,100.8,98.9,99.7,104.8,102.2,99.3,100.7,107.4,103.4,100.2,101.8,107.5,105.7,100.9,108.9,105.3,63.3,98.8,107.5,103.1,97.6,101.6,146.2,85.9,95.8,98.1,99.6,83.6,97.9,96.4,114.8,87,94.5,75.4,118.8,74.3,91.5,73.6,137.3,85.2
Production et distribution d’électricité,95,97.8,112.1,103.4,92.9,102.9,112.8,110.9,100.3,106,121.3,119.2,125.2,129.1,135,125.1,120.9,112.7,136,124.1,121.4,130.5,141.5,133,126.5,133.3,141.2,126.9,123.5,135.4,144.2,132.4,127.5,126.4,149.3,140.4,136.6,138.3,158.8,144.3,131.6
