Utilisation des produits de la mer ,,,,,,,,,,,,,,,,,,,,,,,,,,,,,,
,,,,,,,,,,,,,,,,,,,,,,,,,,,,,,
,,1983,1984,1985,1986,1987,1988,1989,1990,1991,1992,1993,1994,1995,1996,1997,1998,1999,2000,2001,2002,2003,2004,2005,2006,2007,2008,2009,2010,2011.0
Consommation,Total ,106097190,119305203,114485646,111601474,143172230,154321505,155467759,172888103,150359550,183023145,175764903,190715847,188347145,181651538,148191407,182478958,188920500,253518186,267738927,298296416,346114315,317904274,337780189,358187827,322652715,323126213,361707568,406142316,333522000.0
,Poisson blanc,28 180 644,24 566 830,31 871 484,31 989 266,37 098 241,38 213 955,40 413 708,48 058 787,46 301 168,50 593 911,44 792 973,47 076 994,55 652 355,56 219 927,56 237 910,60 029 761,66 520 612,82 272 834,74 005 261,88 926 079,95 882 963,92 149 417,85 120 632,85 970 640,79 508 627,77 696 459,82 033 370,71 166 360,
,poisson pélagique ,74 090 681,92 145 863,77 948 818,75 846 280,101 837 123,110 372 377,108 029 246,115 863 510,90 997 279,119 672 135,118 266 868,129 009 373,117 084 068,107 718 851,82 081 241,110 293 974,113 793 515,162 110 607,186 141 845,201 303 966,242 152 173,215 597 356,235 350 154,257 469 385,224 823 033,230 604 898,262 347 100,302 165 164,
,Céphalopodes ,1 728 874,1 304 735,2 347 147,2 423 182,2 690 925,3 024 955,4 690 856,6 234 088,9 704 134,10 074 769,9 866 776,10 816 290,11 988 348,15 647 132,6 659 145,7 969 034,3 790 467,4 166 336,2 601 550,3 413 775,2 437 381,4 159 141,9 131 120,7 394 198,11 091 823,9 145 378,11 388 581,9 757 750,
,Crustacés,1 887 073,1 029 075,1 938 796,1 158 282,1 470 005,2 228 396,2 315 151,2 720 383,3 324 272,2 658 805,2 837 786,3 810 813,3 622 366,2 044 135,3 204 007,4 031 322,4 581 583,4 507 388,4 606 284,4 644 198,5 364 986,5 404 576,5 383 813,5 045 231,6 036 624,5 031 716,4 874 797,4 575 255,
,Coquillage,209 918,258 700,379 401,184 464,75 936,481 822,18 798,11 335,32 697,23 525,500,2 377,8,21 493,9 104,154 867,234 323,461 021,383 987,8 398,276 812,593 784,2 794 470,2 308 373,1 192 608,647 762,1 063 720,1 590 791,
,Algues ,0,0,0,0,0,0,0,0,0,0,0,0,0,0,0,0,0,0,0,0,0,0,0,0,0,0,0,16 869 235,
Conserve,Total ,84573812,79972497,58038020,70653743,95195092,86229786,89617015,91668755,119552401,100921875,95596790,100691552,149317078,126386611,141759769,147233022,169678978,129831250,139422575,147837127,174292450,143017388,132376207,158322913,137498495,122696092,109052760,182783426,116891000.0
,Poisson blanc,0,0,0,0,0,0,0,0,0,0,0,0,0,0,0,0,0,0,0,0,1 797 334,0,1 070 674,1 872 730,17 722,136 068,42 436,216 909,
,poisson pélagique ,84 573 812,79 972 497,58 038 020,70 653 743,95 195 092,86 229 786,89 617 015,91 668 755,119 552 401,100 921 875,95 596 790,100 691 552,149 317 078,126 386 611,141 759 769,147 233 022,169 678 978,129 831 250,139 422 575,147 820 823,172 495 116,143 017 388,131 305 533,156 450 183,137 480 773,122 560 024,109 010 324,182 566 517,
,Céphalopodes ,0,0,0,0,0,0,0,0,0,0,0,0,0,0,0,0,0,0,0,16 304,0,0,0,0,0,0,0,0,
,Crustacés,0,0,0,0,0,0,0,0,0,0,0,0,0,0,0,0,0,0,0,0,0,0,0,0,0,0,0,0,
,Coquillage,0,0,0,0,0,0,0,0,0,0,0,0,0,0,0,0,0,0,0,0,0,0,0,0,0,0,0,0,
,Algues ,0,0,0,0,0,0,0,0,0,0,0,0,0,0,0,0,0,0,0,0,0,0,0,0,0,0,0,0,
Congélation,Total ,5869417,3969339,3294980,2459107,6729074,6030639,5626695,6016336,12425611,9297725,1873010,3305069,2192433,3263302,14386695,22024535,37047774,56300980,53774773,67410713,31352190,28562201,47580406,144250176,176699316,223574983,237693672,208053324,262013000.0
,Poisson blanc,0,0,0,0,0,0,0,0,0,0,0,0,0,0,0,0,0,19 410,688,0,0,585,23 767,1 245 209,28 297,1 798 229,741 021,890 514,
,poisson pélagique ,5 869 417,3 969 339,3 294 980,2 459 107,6 729 074,6 030 639,5 626 695,6 016 336,12 425 611,9 297 725,1 873 010,3 305 069,2 192 433,3 263 302,2 456 600,5 789 904,5 148 487,9 408 893,18 231 886,25 976 582,12 618 473,16 376 626,27 774 969,121 932 670,160 295 297,194 333 072,210 105 380,191 453 301,
,Céphalopodes ,0,0,0,0,0,0,0,0,0,0,0,0,0,0,11 928 271,16 234 631,31 899 287,46 872 677,35 542 199,41 434 131,18 733 717,12 184 990,19 781 670,21 072 297,15 693 876,26 974 480,26 838 951,15 709 509,
,Crustacés,0,0,0,0,0,0,0,0,0,0,0,0,0,0,1 824,0,0,0,0,0,0,0,0,0,681 846,469 202,8 320,0,
,Coquillage,0,0,0,0,0,0,0,0,0,0,0,0,0,0,0,0,0,0,0,0,0,0,0,0,0,0,0,0,
,Algues ,0,0,0,0,0,0,0,0,0,0,0,0,0,0,0,0,0,0,0,0,0,0,0,0,0,0,0,0,
Industrie de Farine et Huile de Poisson,Total ,140 917 651,145 141 070,81 193 218,127 846 474,122 339 256,176 494 265,157 522 565,155 798 098,158 837 160,116 977 154,199 843 766,311 793 343,385 264 615,209 173 449,354 910 212,253 104 536,222 233 254,321 528 082,505 692 240,365 384 619,301 304 040,360 390 862,340 563 265,138 210 377,179 414 592,259 897 428,343 536 484,277 976 913,190117000.0
,Poisson blanc,0,0,0,0,0,0,0,0,0,0,0,0,0,0,0,0,0,0,0,0,0,0,0,22 880,0,8 640,0,80 660,
,poisson pélagique ,140 917 651,145 141 070,81 193 218,127 846 474,122 339 256,176 494 265,157 522 565,155 798 098,158 837 160,116 977 154,199 843 766,311 793 343,385 264 615,209 173 449,354 910 212,253 104 536,222 233 254,321 528 082,505 692 240,365 345 549,301 304 040,360 390 862,340 563 265,138 187 497,179 414 592,259 888 788,343 536 484,277 896 253,
,Céphalopodes ,0,0,0,0,0,0,0,0,0,0,0,0,0,0,0,0,0,0,0,39 070,0,0,0,0,0,0,0,0,
,Crustacés,0,0,0,0,0,0,0,0,0,0,0,0,0,0,0,0,0,0,0,0,0,0,0,0,0,0,0,0,
,Coquillage,0,0,0,0,0,0,0,0,0,0,0,0,0,0,0,0,0,0,0,0,0,0,0,0,0,0,0,0,
,Algues ,0,0,0,0,0,0,0,0,0,0,0,0,0,0,0,0,0,0,0,0,0,0,0,0,0,0,0,0,
Salaison,Total ,4700190,4796320,615380,579807,181740,175470,172200,24180,39240,1505730,0,0,0,0,23447,84373,446462,1413272,5673791,5774369,2764944,1287829,1425619,1541848,2524345,9281392,9282262,7367808,2495000.0
,Poisson blanc,0,0,0,0,0,0,0,0,0,0,0,0,0,0,0,0,0,0,0,0,0,0,0,0,0,0,0,0,
,poisson pélagique ,4 700 190,4 796 320,615 380,579 807,181 740,175 470,172 200,24 180,39 240,1 505 730,0,0,0,0,23 447,84 373,446 462,1 413 272,5 673 791,5 774 369,2 764 944,1 287 829,1 425 619,1 541 848,2 524 345,9 281 392,9 282 262,7 367 808,
,Céphalopodes ,0,0,0,0,0,0,0,0,0,0,0,0,0,0,0,0,0,0,0,0,0,0,0,0,0,0,0,0,
,Crustacés,0,0,0,0,0,0,0,0,0,0,0,0,0,0,0,0,0,0,0,0,0,0,0,0,0,0,0,0,
,Coquillage,0,0,0,0,0,0,0,0,0,0,0,0,0,0,0,0,0,0,0,0,0,0,0,0,0,0,0,0,
,Algues ,0,0,0,0,0,0,0,0,0,0,0,0,0,0,0,0,0,0,0,0,0,0,0,0,0,0,0,0,
Appât,Total ,0,0,0,0,0,247736,1666183,1254480,1717232,2476848,1718958,3447029,3600419,4546442,2374409,2204047,3833476,2648756,6216252,8150509,9645234,11227051,6156339,4938183,4530884,4614025,6004533,3925265,3220000.0
,Poisson blanc,0,0,0,0,0,0,0,0,0,0,0,0,0,0,0,0,0,0,0,0,0,0,0,0,0,0,0,0,
,poisson pélagique ,0,0,0,0,0,247 736,1 666 183,1 254 480,1 717 232,2 476 848,1 718 958,3 447 029,3 600 419,4 546 442,2 374 409,2 204 047,3 833 476,2 648 756,6 216 252,8 150 509,9 645 234,11 227 051,6 156 339,4 938 183,4 530 884,4 614 025,6 004 533,3 925 265,
,Céphalopodes ,0,0,0,0,0,0,0,0,0,0,0,0,0,0,0,0,0,0,0,0,0,0,0,0,0,0,0,0,
,Crustacés,0,0,0,0,0,0,0,0,0,0,0,0,0,0,0,0,0,0,0,0,0,0,0,0,0,0,0,0,
,Coquillage,0,0,0,0,0,0,0,0,0,0,0,0,0,0,0,0,0,0,0,0,0,0,0,0,0,0,0,0,
,Algues ,0,0,0,0,0,0,0,0,0,0,0,0,0,0,0,0,0,0,0,0,0,0,0,0,0,0,0,0,
