PIB trimestriel SCN93 ,,,,,,,,,,,,,,,,,,,,,,,,,,,,,,,,,,,,,,,,,,,,,,,,,,,,,,,,,,,,,,,,,,,,
"aux prix chaînés 1998, CVS",,,,,,,,,,,,,,,,,,,,,,,,,,,,,,,,,,,,,,,,,,,,,,,,,,,,,,,,,,,,,,,,,,,,
,,,,,,,,,,,,,,,,,,,,,,,,,,,,,,,,,,,,,,,,,,,,,,,,,,,,,,,,,,,,,,,,,,,,
,,,,,,,,,,,,,,,,,,,,,,,,,,,,,,,,,,,,,,,,,,,,,,,,,,,,,,,,,,,,,,,,,,,,
,1998,,,,1999,,,,2000,,,,2001,,,,2002,,,,2003,,,,2004,,,,2005,,,,2006,,,,2007,,,,2008,,,,2009,,,,2010,,,,2011,,,,2012,,,,2013,,,,2014,,,
,T1,T2,T3,T4,T1,T2,T3,T4,T1,T2,T3,T4,T1,T2,T3,T4,T1,T2,T3,T4,T1,T2,T3,T4,T1,T2,T3,T4,T1,T2,T3,T4,T1,T2,T3,T4,T1,T2,T3,T4,T1,T2,T3,T4,T1,T2,T3,T4,T1,T2,T3,T4,T1,T2,T3,T4,T1,T2,T3,T4,T1,T2,T3,T4,T1,T2,T3,T4
Primaire,17265.98452365915,17440.75478830531,16626.37824260146,17583.88244543409,15069.08453785754,14264.87584859483,14815.21773563828,14650.821877909351,13375.02525632489,11995.819507703605,13443.943549195857,12834.32725777683,15149.23338628876,15087.701946693465,15297.701844564921,15956.37437484226,16198.32060116895,15742.78606982926,15770.250491815663,16411.346613439156,17166.314018950183,21967.735608988096,19337.18355495541,18675.77507444331,18673.494056986037,22151.938745909825,20017.715790421236,19745.658274614114,17301.388372366408,17139.93944315102,18378.2941090964,18826.709231805376,20904.783732168748,22095.537288791587,20939.73531150186,22798.181472262582,17899.826967141256,16820.670706090572,17719.385650114196,16917.73607461425,19747.645059473052,19443.165718635766,20478.727881171817,21187.305667561817,24786.68318463436,26220.314992159223,25592.35174039947,27605.666681655006,24365,24849.153352334288,25584.990101281543,26975.233945716565,25906.55741902537,26537.576684902167,26771.762799115888,27774.744810373642,24048,24707.590589806674,25023.346870200534,25533.44168422357,28148,29599.9481235816,29633.35510301532,30539.631780732176,27352.481387254276,29189.5544657987,29260.134959127074,
 Agriculture  ,16089.8788089313,16267.3119079225,15452.0710011579,16376.7382819883,13846.67460691398,12996.48602486157,13554.32686294002,13329.51250528443,12045.14495239318,10654.76762080381,12090.19774011903,11420.88968668397,13764.4456859722,13754.02815560986,13945.38635424161,14774.92886667634,15188.92752462824,14970.81922717481,14966.34762907032,15686.90561912664,16670,21617,18958,18226,18449.357393690698,21947,19678.1512930088,19327,16800.8337808476,16220.95153095047,17616.864080205,18055.3506079969,20628.878376029403,21534.2495651103,20901.240478910702,23020.6315799496,17680.4230335358,15943.49721444781,17682.406402648296,16879.67334936815,19529.289301269077,19123.449365963723,20054.996310296323,20610.650022470876,24741.878039856125,26124.04547238017,25320.026800687767,27264.52469707592,24623.815039609373,25164.152148515626,25262.168554453125,26451.864257421876,26083.546875,26695.578125,26783.015625,27595.859375,24245.9330263019,24329.264705935602,24640.7114180112,24450.0908497511,28066.1721265092,29239.4603375102,29255.3712958643,29636.896240116002,27560,28668,28797,29236
 Pêche  ,1176.10571472785,1173.44288038281,1174.30724144356,1207.14416344579,1222.40993094356,1268.38982373326,1260.89087269826,1321.30937262492,1373.18094079324,1389.5732545645,1390.79923464846,1458.6935549938,1436,1401,1397.83406737113,1247.98393646882,1154.84153532395,961.447170751248,964.395844916397,887.299516008403,873.236549143137,897.637506276037,811.617183227482,780.644044353344,762.911601353261,817.079439898804,808.814466545598,791.677859202337,865.75,1044.75,986.75,956.75,871,1015,683,543,738,981,580,497,803.43560371663,819.057751770619,843.134830752563,862.3718137601891,905.078524040136,953.558435977639,937.698289230522,938.664750751703,719.181154344911,668.863011337878,966.664226606449,1027.071607710762,814.189695029249,804.248940240554,835.5356779818619,876.025686748336,739.541143211962,952.49171969305,933.388291765755,1161.578845329231,1024,1095,1068,1194,834,1173,1105,1352.802
Secondaire,24431.70446146707,23520.98269661246,23330.625645313594,23144.687196606857,23471.783534727496,24134.956030383324,24099.533788174893,24602.726646714294,24657.68622806544,24753.632923400466,25305.036373896102,25476.12339412452,26087.149793133933,25949.204335730014,26186.834583941767,26714.952921648815,26410.29614073499,26962.856155831596,27240.316204924242,27178.749129254207,27412.445371766367,28076.53509690962,28610.726396197548,28481.359148306594,29117.732763046566,28768.077193748704,29310.9878066477,29646.996865469308,29635.140492068094,30354.98194159533,31022.27129088301,31540.3471198643,31562.299186903412,32017.988039436124,31993.736439823697,32802.77794813561,33506.06118027535,34370.27275202638,34216.85410963074,34717.97697481427,35767.358344561275,35936.06394604511,35922.71820402221,34074.32364138789,31398,33200,34100,36400,34069,35597,35899,38246,35607.1645013917,36244.05867219883,37189.33998656737,40527.84818270877,36674,36687.36143114719,38060.84909752733,40117.36833365547,36155.53314494224,36856.62967290619,38087.298911737846,40834.53827041373,36791.657101310986,37634.01864295286,39861.374934645726,
 Industrie d’extraction  ,2105.9633376573,2102.35317297708,2050.95261274908,2140.73087661654,2160.29502030739,2264.15729632306,2088.39347759441,2134.15420577514,2091.74807293376,2142.6807097959,2320.94350057297,2239.62771669736,2296,2172,2293,2368,2294,2306,2290,2184,2312,2363,2272,2277.1534211971,2683.32740896677,2521,2648.20506346841,2824,2790.86161209523,2881.51648356696,2927.53804534304,2866.08385899477,2799.98021032841,2872.20090969072,2913.64181988664,3062.17706009423,3128.25301856347,3163.2128924006,3186.09598144972,3229.43810758621,3350.12897609609,3108.95068790051,3032.83837728772,2468.08195871568,1782,2144,2369,2814,3085.414641883186,3225.045395107928,3082.6247205433538,3227.915242465522,3411.37276174111,3320.487407997416,3105.887012024855,3533.24,3242.288719766356,3153.403484251693,3252.965822658055,3404.341973323886,3129.382840523252,3206.9596649172554,3158.3122516514068,3179.345242908064,3330.0648623752945,3424.2022220976255,3363,3091
 Industries de transformation  ,15940.92459922332,15054.884940542592,15089.307400265785,14822.883059968284,15099.642458565699,15645.44030648516,15763.83271464885,16033.084520300292,15998.03291961123,16016.332275546021,16102.123262227298,16299.142732870707,16509.290188642262,16314.348955672247,16612.27332764528,16878.34917243459,16742.63351094045,17228.289030484455,17426.587306635814,17481.732872821278,17375.890257602194,17655.878826862976,17918.152298980003,17740.17592326932,17865.78880764993,17530.867973200373,17855.701593462978,18043.819029647097,17827.462780532707,18230.866814449575,18754.224658625248,19149.76484338822,19019.834588750557,19142.970345567755,18931.20771393593,19194.66031443739,19647.798495941704,20042.044161784514,19751.345687816513,20174.78289276475,20450.67364144336,20635.933924959983,20460.33398251779,19660.300331185903,20096.372209380486,20405.737066522437,20391.32993390397,20428.74618272733,20463.307377255467,20794.928235360865,21163.204635221344,21195.621275010337,21372.290084688488,20971.012446913304,21837.981296734513,21928.481362115454,22027,21144.88370072191,22218.73265129167,21959.250712717287,22170,21371.169864398245,22055.473293129693,22471.56682971567,22365.99829442784,21640.035241693065,22707.11452107751,22827.842997919724
 Industrie (hors raffinage de pétrole)  ,15396.32447976615,14573.937411274921,14620.58006252787,14342.15804643104,14529.10077746547,15044.935692517041,15142.120767075958,15370.84276294153,15306.066047861708,15347.497977102537,15499.62518828094,15702.660954426046,16276.22042950468,16060.423637704987,16283.66625339993,16517.069262547884,16589.74460663684,17035.42803753283,17163.099672901473,17333.53683165628,17540.847024854906,17809.7905497498,17961.792230614756,17717.97238711284,17783.98976133948,17494.91271748786,17669.92781650728,17936.35665301343,17754.70773911737,18114.847897651758,18596.693449497678,18932.089750965915,19094.99739766858,19037.991749246525,18891.681465687274,19194.73942351921,19664.198041002994,19797.886242415316,19564.62588755257,20060.213469723967,20448.409620020702,20425.028250891966,20302.004483853005,19557.80324475746,20245.841791036648,20413.274166275998,20355.803356281536,20463.18673157998,20777.610770891748,20828.319598919865,21128.6781496651,21246.41469129776,21281.181916592002,21540.0383221119,21342.03720337131,21739.50867522314,21899,21590.088673524926,21949.44956647253,21759.965920112358,22039,21814.317361137095,21770.457628531996,22254.66937818334,22228.92237756886,22088.310066229573,22424.854674085705,0
 Raffinage de pétrole et autres produits d’énergie  ,544.600119457169,480.947529267671,468.727337737915,480.725013537245,570.541681100229,600.50461396812,621.71194757289,662.241757358762,750.307223379449,704.92602088392,580.776070736856,545.220085131614,368.2633682622356,357.3852733331256,351.8568138205746,347.8601994132466,304.3236214971945,315.1872234781215,301.9573446895195,172.88424017644252,50.102702748210405,35.102702748210405,52.730609761330506,70.1027027482104,164.77568853212355,119.61091460949356,155.50784538575456,109.51886729213057,158.83748158997798,173.752523998196,139.70961473810098,181.439856598272,98.66105087107445,174.66105087107445,85.66105087107445,80.66105087107445,124.0617457962237,231.2617457962237,142,126.26174579622369,144,207,120,116,42,63,39,28,10,59,40,26,35.8236263453353,27.1409884965002,69.1586046655392,41.5,42.4453125,42.3671875,42.4609375,42.7265625,43.1640625,43.7734375,44.5546875,45.5078125,50.93359375,45,29,40.046875
 Electricité et eau  ,2676.3266471536,2674.82656537652,2531.36890615201,2578.47788131787,2619.92945696983,2600.67572996172,2531.30301391576,2581.09179915269,2631.79885652618,2644.49515959458,2863.77132119655,2829.93466268268,2903.29742341794,3073.48230950647,2955.9697829389,3066.25048413669,3075.58826430666,3022.45327176403,3045.39442491306,3106.56403901625,3218,3316.25274207774,3476.76991563893,3489.49463118309,3525.26448302259,3534.74283483514,3660.80792862776,3493.18475351451,3776.7085502195,3891.39246217619,3800.87544903935,3846.02353856496,3974.42265370172,4177.61931658996,3999.85658427326,4214.10144543505,4273,4415,4365,4258,4647,4739,4543,4402,4896.78468582357,4662.55381985587,4683.64369646601,4735.01779785455,5112.49943651672,5030.95291550631,5128.24772742514,5061.29992055184,5211.65888184995,5329.863947753,5341.97054877239,5675.50662162464,5829.0660052816,5798.17449377941,5815.36856556091,5603.39093537807,5548.8091459864,5734.33263517071,5915.19565687762,5929.66256196526,5762.13502591995,6023,6038.823246106363,6107.5524388242175
 Bâtiment et travaux publics  ,3708.48987743285,3688.91801771627,3658.99672614672,3602.59537870416,3591.91659888458,3624.68269761338,3716.00458201587,3854.39612148617,3943.67982827203,3956.9079893059,4016.95468016442,4106.45750225765,4363.15842043382,4357.70426640515,4303.77176830739,4387.36554485364,4313,4400,4462,4411.51129539235,4510.83889634629,4701.35929281446,4871.6802787892,4901.12153205004,5044.72807401446,5103.79664484221,5110.95383214095,5251.52144900238,5263.13909251753,5372.20390879935,5503.93853541183,5613.71846327129,5705.80056462002,5772.66548550039,5981.00306511469,6182.5308847649,6344.89102308989,6584.58421758433,6678.28887052795,6790.23588879784,7098,7186,7469,7139,7243.2080752447,7437.5954097451,7538.8555739054,7642.34094110479,7699.55563563476,7802.95923131855,7607.31398134637,7536.17115170032,7856.95339212858,7933.20686869023,8068.75452471322,8064.08521446797,8335.29351067817,8298.07039511628,8017.40922398545,7957.22687022009,8110.71159260141,8188.87774613009,8325.14486444756,8438.26579682093,8135.043727379214,8201.979950523899,8363,8488.895391601854
Tertiaire,42215.511148909754,43996.18316667498,45236.62590326826,45986.67479423402,43620.542807529106,46305.46649323528,47782.52105328099,48482.4696459547,48303.68483300167,48689.37260646277,49144.320688512256,49826.22614453917,50953.753702388865,51567.91063444299,52025.9643133517,52713.85268195455,52303.83323194877,53012.00859678404,53533.08589290702,54155.16486604174,54501.899652731736,55189.84590833786,56067.691429911676,56893.38045737804,57485.336506365304,58314.93925744358,58991.14887338056,60226.7960466498,61022.82360853946,61928.22540711034,63055.473770197415,63770.46141180792,64101.596841275736,65485.693150278355,66062.68541494416,67152.48316184992,67678.54488757777,69222.00978779468,70201.06048927773,71663.31028815068,70601,71830,73545,74176,72702.33048363899,75151.70351985711,75279.5434280715,77358.50225544487,76215,77560,78287,78295,81304.47188480636,82216.01431000952,83085.89999964458,82244.61975581679,85668.96547367203,87050.94814158912,87895.8012537369,87337.28513100198,88265,90118.27271990267,89735.78923305088,89120.85498447655,91319.57232414732,93289.24240396365,92635.00538103496,
 Commerce  ,11168.2871477161,11489.379504148,11666.2990435489,11887.034304587,11695.3761873617,11982.7687829136,11964.1292280359,11982.7258016889,11997.8401247625,12114.3004078506,12139.2362936302,12162.6231737567,12448.6710801322,12517.8553627982,12476.2859883996,12642.1875686699,12764.4560890264,12956.9416848636,13011.2633374129,13084.3388886971,13331.9604282578,13128.0585163966,13249.5046387592,13384.4764165864,13720.4868625439,13913.9256597456,13858.0283918286,14247.5590858819,14272.7607437003,14448.2388240409,14558.1920969881,14699.8083352708,14914.7541631406,15234.4542199802,15224.1867119273,15253.6049049519,15210,15569,15597,15740,15624.8567059117,15711.2617837816,16840.4620859137,16735.419424393,16293.2672332208,16937.4797678722,16481.26788259,17461.985116317,16743.9484827797,16852.2471492424,17066.4129907176,16234.3913772604,17532,17640,17854,17022,18086,18110,18210,17264,18116.878,18394.97,18389.41,17586.724000000002,18370.514292,18707.68449,18702.02997,17920.871756
 Hôtels et restaurants  ,1840.98557151299,1858.38645113562,1885.78939559348,1952.8385817579,1932.47104613971,1987.97799459935,2041.01516940761,2046.53578985333,2086.630977525,2106.13698798016,2077.71714912261,2074.51488537224,2191.39102153977,2040.09581609989,1975.32641235159,2109.18675000875,2049,2091.22984904525,2100.2431416868,2092.21095989936,1978.63282080615,2059.35777466505,2136.39610570717,2122.61329882163,2249.93887971995,2180.28418702638,2274.81107478183,2340.96585847184,2408.99248706994,2389.20339299366,2493.5285013337,2455.27561860269,2558.16039433004,2737.17214899126,2599.85764344072,2696.80981323799,2730,2787,2724.01248602556,2784,2745,2822,2755,2789,2585,2765,2758,2869,2862.39168229161,2957.32328636586,2991.12127303143,3050.16375831111,3031.55112764897,2841.55053714105,2907.7137101382,2844.18462507176,2882.83464950679,2949.44846667857,3017.19014353843,3069.52674027619,3039.61236474545,3131.2716539869,3113.45771419611,3182.65826707152,3239.04326863968,3253,3130.2703858527693,3073.493088510967
 Transports  ,4114.346,4121.732,4238.706,4379.216,4395.809,4555.74,4565.275,4721.176,4822.335,4885.368,4942.644,4958.653,5034.567,4965.231,4962.811,4869.39,4951.297,5015.157,4971.029,5004.517,4875.808,4908.054,5036.632,5214.506,5409.061,5569.379,5744.902,5874.659,6073.586,6170.131,6215.887,6285.396,6315.401,6491.376,6564.965,6661.257,6785.911,6942.124,7138.858,7339.108,7098.1578,7223.865482265469,7289.968362120001,7329.345050452001,7112.1321,7436.1659,7481.6959,7736.0061000000005,7943.496347,7937.43927092,7948.831124,8077.726413490001,8529.70739474773,8449.63250871052,8415.9691285628,8393.03941534614,8684.33776923464,8716.05008629272,8541.577030467542,8750.272703829658,8657.96230650759,8977.526279439706,8822.28179827226,9004.88624273166,9092,9481.620544153226,9104.594815816974,9252
 Postes et télécommunications  ,1520.00182987275,1622.99349109344,1769.73514753238,1926.26953150143,2040.35836158098,2230.51166622089,2470.74462836417,2719.38534383396,2955.3476092059,3308.19534405251,3620.61319857139,3930.8438481702,4518.50799627559,4795.15712857744,5000.49457061413,5137.84030453283,4994.72169807446,5046.45726066372,5152.27625606584,5294.54478519598,5432.84084528491,5627.13527850203,5803.38154498308,5963.64233122998,6147.18001161245,6273.02619443802,6382.4756764192,6474.31811753033,6497.10370529375,6591.99740563394,6708.07557358924,6844.82331548308,7102.65420956699,7266.19799455098,7432.77391743506,7600.37387844697,7853.36042908402,8028.55623961501,8202.4469608781,8374.63637042287,8641,9046,8870,8720,8885,9348,9217,8816,9070,9590,9530,9665,10251.88,11080.49,11824.49,11889,12684.530231012499,13565.1159300125,15025.3568550125,15285.9969839625,13428.841534040599,13995.146344201301,15233.953607049,15507.044718551202,14084,14981,16225,16421.96035694572
 Activités financières et assurances  ,4784.28,4656.616,4578.444,4539.66,4497.942,4492.823,4504.758,4568.478,4601.23,4656.982,4708.835,4770.954,4865.884,4875.71,4842.97,4846.437,4772.132,4731.808,4891.973,4882.087,5010.49,5051.696,5078.143,5159.671,5175.401,5224.819,5313.249,5417.531,5670.523,5925.832,6179.157,6094.487,6203.609,6340.282,6574.9,6877.209,7207.995,7478.623,7829.358,8343.024,7567,7831,8104,8565,7794.52809154,7966.60905415,8182.16854328,8464.756953,7888.65730027388,8102.11848384282,8213.41310825352,8355.79058636831,8402.01484617548,8640.93,8805.584494152801,9182.47225210504,8858.82981966122,9198.329939000001,9171.594523222422,9508.23682532535,8829.79219210217,9151.028268939,9131.603393364223,9569,8903,9270,9254,9712.535
 Services rendus aux entreprises et services personnels  ,9758,9444,9329,9384,9603.38121244671,9889.321049501481,10008.5840274733,10127.7137105785,10185.8394818869,10276.2327202363,10326.1268398241,10447.3439480526,10488,10591,10685,10864,11066.977655556799,11272,11458,11663,11878.7249940678,12091.7071792471,12285.9902610333,12459.1950456518,12736,12878,12964,13134,13473,13657,13872.0158518662,14052.6,14361.078222148699,14646.3566092685,14807.1337923097,15086.087536273099,15410,15772.501298387,16000,16324,15815.1203234817,15943.0524757925,16099.6010683226,16053.4044824032,15894.9150941908,16325.2603809213,16323.4811695189,16633.3433553689,16539.5628698103,16693.2263310137,16776.3597639643,16742.3543052117,17194.3234447108,17289.9920815998,17461.1483677169,17504.5758459726,17991.7997049269,18155.8101536552,18311.7441158853,18360.6460255324,18279.6799827306,18540.7879180386,18573.0723348129,18711.4597644177,18773.231342264324,19078.470767661718,19165,19104.400419470472
 Administration publique générale et sécurité sociale  ,6476.827599807918,8107.442720297921,9035.940316593493,9108.783376387692,6562.714,8214.952,9155.762,9229.571,8633.884,8295.946,8145.471,8181.699,8406,8635,8729.486,8773.433,8755,8718.335,8731.003,8791,8824.524,8973.361,9081.345,9145.77,9244.508,9406.537,9469.231,9592.724,9699.015,9798.145,9972.153,10057.69,10121.96,10157.23,10232.09,10264.71,10323.21875,10395.15625,10477.21875,10569.40625,10641,10766,10913,11082,11588.663730569999,11814.469626260001,11969.936381689999,12055.947886740001,12006.86,12118.46,12253.05,12410.62,12786,12898,12955,12973,13726,13792,13777,13763,14554,14624,14016,13761,14932.404,14945.728000000001,14296.32,14036.22
" Education, santé et action sociale  ",6566.918,6739.937,6825.642,6960.504,7077.808,7178.139,7332.029,7400.024,7386.275,7479.087,7681.545,7850.093,8233.197,8369.061,8518.278,8529,8272,8350.026,8405,8434.567,8703.503,8825.355,8844.359,8911.784,8826.745,8894.702,8986.919,9102.634,9371.763,9479.252,9633.821,9684.164,9579.552,9702.24,9849.094,10020.11,10253.8407482031,10457.7870186719,10670.4990402344,10891.9768128906,11130,11366,11607,11855,11551.937854799999,11720.78139282,11942.975525580001,12220.43025645,12132.28,12306.54,12512.88,12747.3,13494.36,13583.12,13511.13,13281.38,14140.5,14229.5,14174.5,13972.5,14790,14846,14656,14395,15535.8564462,15603.145999999999,15418.112000000001,15175
 Branche fictive  ,-4014.135,-4044.304,-4092.93,-4151.631,-4185.317,-4226.767,-4259.776,-4313.14,-4236.932,-4271.047,-4311.871,-4371.149,-4506.667,-4526.83,-4506.002,-4509.501,-4433.552,-4393.056,-4516.814,-4497.579,-4565.839,-4595.064,-4620.135,-4698.961,-4783.832,-4831.195,-4897.982,-4964.991,-5084.909,-5274.291,-5472.095,-5399.705,-5528.063,-5647.345,-5845.913,-6098.679,-6373.129,-6595.768,-6882.9,-7303.204,-6611,-6862,-7083,-7460,-6820,-7006.101999999999,-7192,-7420,-6700,-6901,-7009,-7202,-7170.41,-7407.9421,-7563.2438,-7983.41,-7403.6,-7686.75797654,-7689.8769011800005,-8088.6,-7258.55656,-7515.344734516539,-7519.235765771299,-7997.66574,-7172.179736936,-7463,-7474,-7949.67974556
 Valeur ajoutée au prix de base  ,83913.20013403599,84957.92065159278,85193.62979118331,86715.24443627497,82161.41088011416,84705.29837221347,86697.27257709413,87736.01817057833,86293.15388841448,85400.04310891734,87868.2655732315,88105.99234969479,92150.45,92574.42340599395,93485.35279331407,95371.08321446854,94880.36616151217,95682.33182437505,96512.14628399862,97735.5704599963,99047.8401591438,105156.12231881662,103961.47866510908,104028.65356216651,105209,109210.25981495924,108270.86965417507,109586.26581180391,108135.01127602787,110167.63085670055,112761.93259028778,114375.10060800551,116523.4885641019,120047.75595612427,119161.46,122724.82340007585,119320.26659532219,121311.61875708785,122625.09962448715,123807.97798039138,126326.68322237051,128086.71775706022,130384.4384547258,129820.71273826147,128227.36630738752,134660.5633033541,134851.827503577,141562.10571998946,134386.3,138600.4,140188.7811462793,143637.99266492782,142448.11530828156,145343.30929769392,147410.30257982295,150795.71759151982,146328.8815751538,148979.09084866723,151628.4690915486,153426.74673637265,151720.50519429112,156337.80497776024,157448.27141122028,160386.41841672838,154692.3050997078,159944.4158873915,161999.44896492088,
 Impôts sur les produits net des subventions  ,11345.81640247186,10649.93031195388,10403.65867688565,11205.59460868861,10915.08868850709,11406.21419424193,11539.962380024688,11258.73473722629,10866.4232326792,10442.24229847417,12336.420397969398,11233.91407087723,10904,12873,12032,12811,12329,12641,13032,13426,13047.991213881443,12445.885125307685,12830.203484576123,13076.920176234755,13577.976516537836,13721.340505131635,14171.452197713466,12083.230780617065,13374,13677,13779,14003,14795.75,15340.75,15258.75,15372.75,16576,17228,16495,16912,17563,18270,17341,17423,18261,18828,18470,18305,19504.44532,20064.010924000002,19676.653347999996,19589.95512,20213,20496.323784072003,20370,19870.076404800002,21390,21703,21336.5,20855.5,22481.9,23090.234197140686,22796.111557210428,22064.692075295676,23077.707521,23940.557175204485,23389.367135005938,22596.4976587367
 Produit intérieur brut  ,95259.01653650784,95607.85096354666,95597.28846806896,97920.83904496358,93076.49956862125,96111.51256645539,98237.23495711884,98994.7529078046,97175.62871706982,95869.98826102748,100188.00723399027,99341.74843463325,103089.2212329274,105435.80619336937,105526.67626914861,108168.59723793693,107214.4444444,108330.79828567144,109537.1129084993,111140.01483381099,112090.75597873516,117691.22052331692,116849.36083673072,117146.17460439069,118800,122973.58639427918,122450.97751764911,121817.53671975648,121576.22587754944,123901.25142992694,126635.3694767864,128412.17130767499,131367,135420.06273333394,134467.7483418509,138110.12831238774,135821,138423.46276190237,139101.06388740498,140613.6348806913,143813,146229.71838747727,147716.17781285004,147148.99053145284,146333.80915492508,153418.5794448396,153222.7746543547,159766,153711.90083663474,158547.6276335909,159740.6438231022,163062.82413555632,162707.10109041492,165609.90308605356,167692.7308397653,170715.4348156704,167505.8618081407,170148.15124138579,172743.07240616466,174123.91454430885,173855.3754539068,178734.17936298792,179746.14257167326,182177.70712874449,177362.3343362762,183067.20291256573,184011.11465904283,185404.22081155053
PIB hors agricole,79169.13772757654,79340.53905562416,80145.21746691107,81544.10076297527,79229.82496170727,83115.02654159382,84682.90809417881,85665.2404025202,85214.826726677,85296.5760536939,88159.42316542973,87991.4368395688,89411.5886866045,91762.21263242846,91638.16884602144,93452.20857075532,92129.52638830947,93457.50756665997,94637.49674164694,95520.46737112368,95575.08885650423,96473.12460785938,98120.023178261,99077.35270744302,100614.59074474162,101358.9284984098,102987.86473253169,102702.11818906205,104650.48787190136,106909.75399850006,108732.9510548379,110151.41929694991,110981.40368165953,113622.7719324823,113593.17199993454,115405.97935941079,117870.09060694132,121363.85232147945,120907.1851781296,123169.22714425495,124085.57396696451,126181.34246534668,127257.66469652278,126263.65242099125,122070.21664354923,127127.66858987678,128069.52392923408,132890.85500760295,129262.88602434298,132794.58499756228,134394.05152676348,136718.563495216,136656.70796812393,138598.1691721378,140896.76067628976,143119.49062074866,142742.21561291855,144865.4788985444,147484.00332869028,148951.30215984682,145761,149086.0078606642,150388.19760877057,152338.0228193663,149599.46408603154,153782.38095331605,155809.92229862476,155842.20242668947
PIB hors primaire,77993.0320128487,78167.09617524136,78970.91022546751,80336.95659952948,78007.41503076373,81846.63671786057,83422.01722148055,84343.93102989528,83848.78505448706,83917.7208236693,86778.12910250276,86545.04796609994,87983.18223557576,90374.92174529712,90251.43168409646,92225.34590277223,91053.24453895508,92612.69442367561,93791.50652461918,94741.96052469859,94962.96830025101,95748.67960972276,97536.60476194418,98488.04072259748,100200.30169640272,100783.66020618453,102439.14621019473,102117.1809172083,104110.93575842289,106027.29352758186,107953.32463407565,109361.34190263876,110484.67647666184,112837.90740617944,113338.13436259063,115317.52115597471,117692.90519312577,120719.07446145867,120912.19167121664,123230.19215118657,123846.6718931597,125908.70673343228,126801.68409466984,125625.77331164753,121614.01674099386,126603.4633979323,127436.85428192193,132158.35666531516,129101.71338280581,132692.59655975894,133753.89733638,135879.43612643686,136403.39398430026,138327.0972833996,140503.7317696392,142557.9428401161,142713.53830799676,144349.80961721228,146950.92589816256,147843.72617662844,145269,148360.0974595629,149644.2790251493,151194.75480640278,149420.72502922133,,,
valeur ajoutée hors agriculture (non compris DTS),67823.32132510468,68690.60874367028,69741.55879002542,70338.50615428666,68314.73627320018,71708.8123473519,73142.94571415412,74406.5056652939,74326.40523414852,74822.87638747747,75830.91915481,76749.6538869388,78468.91890820491,78903.50665740875,79593.04635973964,80655.2752350353,79802.26669288674,80814.38595679156,81612.036830292,82119.26101133498,82548.1319006994,83982.02896185558,85249.49087181507,85969.04598276402,87043.26272053382,87651.27600177925,88839.6494474657,90452.2903352891,91183.76019034865,93143.52957123621,94826.76315800978,96101.60390275191,96154.18170845312,98272.83169182809,98291.68808592772,100055.98275956538,101368.30418551264,104229.37051741347,104397.08166760376,106340.6825036857,106610.59652926403,108038.92208530518,109899.08267824638,108933.06016312847,104110.07406473314,108517.05774032562,109793.02145951017,114676.74428218817,110105.02461642625,113019.57010517291,114964.28356552147,117321.5683456317,116702.7445383664,118288.8744118145,120720.94908222492,123302.45495394077,121728.53313934471,123494.76804009534,126356.44897189258,128218.24984866737,123975,126699.38784476949,128294.05584768024,130736.95970236229,127237.48992638076,130616.05778134306,133060.09602955927,133729.02614961858
,,,,,,,,,,,,,,,,,,,,,,,,,,,,,,,,,,,,,,,,,,,,,,,,,,,,,,,,,,,,,,,,,,,,
,,,,,,,,,,,,,,,,,,,,,,,,,,,,,,,,,,,,,,,,,,,,,147641,154521,153412,,,,,,,,,,,,,,,,,,,,,
,,,,,,,,,,,,,,,,,,,,,,,,,,,,,,,,,,,,,,,,,,,,,,,,,,,,,,,,,,,,,,,,,,,,
,,,,,,,,,,,,,,,,,,,,,,,,,,,,,,,,,,,,,,,,,,,,,,,,,,,,,,,,,,,,,,,,,,,,
,,,,,,,,,,,,,,,,,,,,,,,,,,,,,,,,,,,,,,,,,,,,,,,,,,,,,,,,,,,,,,,,,,,,
IMP,27600.4572383473,26077.1353128025,27073.0080039783,27282.399444872,28240.8389521735,29718.0964052702,28970.3144278326,28743.7502147237,30672.9118710422,31575.0291047273,31140.3456735185,31085.413350712,27965.5166808946,30586.1858846655,31046.4239843212,36574.7734501187,33502.1062312506,32757.4799768888,33769.5543278461,34267.9594640146,36523.5956646858,34276.2378777448,36377.3845845791,36627.4818729904,39089.5815530746,39541.6718363422,38904.6590332382,40449.287577345,41539.4615063716,43419.5442995141,44583.9399130537,43662.7542810606,45756.722669852,47564.072027428,47968.5263159634,46047.5789867565,52116.5026470029,52419.7335875539,52878.4930933816,58073.7706720616,60065.5610534428,60044.7686213438,63933.8586869105,57717.811638303,54554.8003360206,57578.4191323974,56634.6857051811,58457.0948264009,57916.7751119843,56430.1951819746,57537.9283756518,62828.1013303893,62525.7114066546,62458.5914264646,61921.764691844,60247.3324750369,64469.3618772571,64025.5255180204,62320.734580359,61245.3780243634,61615.1835330276,63655.2891013584,63591,58766,,,,
CF MENAGES,58708,58352,57657,59643,59278,58592,57700,57808,59982,60004,59157,57559,59463,60941,61337,60492,61680,61255,63268,64714,67535,66620,66991,68193,70438,71350,70293,70334,70119,73172,73612,72007,76351,76125,78674,77635,76673,79388,80354,83966,84380,84571,85279,85360,89890,90608,85657,89006,91078,90459,89438,91848,94722.7122539842,96482.6618646817,99011.5627944536,99622,98525.6866143867,99868.58745614797,102377.95592946502,103108.76999999999,101504.679423787,102545,106165.94029885522,108161.09972999999,,,,
CF AP,15594.37,15926.21,16199.55,16569.87,16936.5,17120.07,17071.74,17321.69,17232.06,17300.86,17325.75,17419.33,17975.13,18136.96,18113.01,18295.9,18061.79,18053.88,18428.61,18397.72,18521.42,18641.08,18678.13,18695.36,19204.14,19360.43,19532.11,19681.31,19841.6,20070.53,20315.98,20301.89,20528.69,20562.92,20854.17,20888.23,21252.96,21507.51,21716.56,21924.97,22206.95,22347.08,22770.38,23265.59,25068,25307,25553,25587,25197,24994,25099,25287,26732.1,26465.43,26202.39,25757.08,28665.59,28430.92,28315.87,28095.63,30054.939571829786,29781.18,29519.47,29152.79,,,,
FBC,24395.03510452016,23462.092377530036,21787.027951587366,30289.83957944962,20323.403824052588,25256.08126710819,25714.48002911011,25837.0348797292,25250.44207149003,25319.653918425603,24978.340974833274,23532.5630352511,25366.54890917229,28450.08893972158,25325.51995899407,29419.84219211206,29978.66690225817,29242.968976046042,27661.079332348887,27708.284789346908,31496.31007268176,33971.22134114898,35719.11849510566,34721.34009106359,37207.63493361345,37547.76253735395,35758.24495018856,38731.183098844034,37894.17510439098,37662.677485155466,37175.68010113441,34438.883249319166,38068.93623390635,40489.85185751521,39539.328465795064,41817.82765978337,39868.38343415651,44905.83582220431,45494.780699119605,50555.41821851957,47713.489704540145,52140.93363306921,53087.94925954596,51064.627402844686,50147.50797094962,50103.495863836615,51690.05853956625,60921.312631481,50492.97400041672,53342.666776171194,54457.8327321026,51434.56484601673,53740.211783787934,54351.25612500927,53752.71049413181,52590.67,55149.68,56856.33358,55155.7630587783,52184.607508,54063.4010606208,58202.99268510599,55452.02407520799,51412.422798096,,,,
EXP,24459.3613057774,24645.0752364287,27454.6560293009,17275.907428493,24687.1027016279,26057.6071019555,26201.3652899756,26187.924906441,27324.8429985493,27220.1624378141,28553.8426793963,28862.1518842404,28078.95418732,30296.2082550915,30881.0741738646,37380.7633837239,31499.706937219,33585.9705460677,34321.091568275,34389.2309484383,32986.4250706321,33736.5288931079,34722.1518934352,33210.8941428248,35417.4602992544,34365.8121145344,35530.7017724966,37790.0258137146,38641.3297450751,39228.9977854584,41175.0371545563,43080.6353149101,44339.3059398677,49107.0534277596,44709.6993869986,42809.9412453741,47742.5513458268,45801.9267909652,46769.5439618343,50042.9779013737,52233.0094785769,53538.9467056729,52598.4683094435,45813.5755063068,41320.0528410505,41627.2795649172,43390.137144337,47698.5304496953,49504.5855630594,47932.7460935703,47760.0235855411,57128.6447578293,53772.7043727165,51253.6007355925,50357.4063402973,51885.2885513937,54219.9934865686,51764.1407674701,52374.4581644017,54575.4075815596,53899.1140691847,54420,55303,56210,,,,
,,,,,,,,,,,,,,,,,,,,,,,,,,,,,,,,,,,,,,,,,,,,,,,,,,,,,,,,,,,,,,,,,,,,
FBCF,,,,,,,,,,,,,,,,,,,,,,,,,,,,,,,,,,,,,,,,,,,,,,,,,,,,,50222.41,51004.11,49911.81,49190.67,52148.68,51046.33358,51875.206959999996,48984.607508,51731.6240606208,52102.99268510599,53032.02407520799,,,,,
