,,,,,,,,,,,,,,,,,,,,,,,,,,,,,,,,,,,,,,,,,,,,,,,,,,,,,,,,,,,,,,,,,,,,,,,,,,,,,,,,,,,,,,,,,,,,,,,,,,,,,,,,,,,,,,,,,,,,,,,,,,,,,,,,,,,,,,,,,,,,,,,,,,,,,,,,,,,,,,,,,,,,,,,,,,,,,,,,,,,,,,,,,,,,,,,,,,,,,,,,,,,,,,,,,,,,,,,,,,,,,,,,,,,,,,,,,,,,,,,,,,,,,,,,,,,,,,,,,,,,,,,,,,,,,,,,,,,,,,,,,,,,,,,,,,,,,,,,,,,,,,,,,,,,,,,,,,,,,,,,,,,,,,,,,,,,,,,,,,,,,,,,,,,,,,,,,,,,,,,,,,,,,,,,,,,,,,,,,,,,,,,,,,,,,,,,,,,,,,,,,,,,,,,,,,,,,,,,,,,,,,,,,,,,,,,,,,,,,,,,,,,,,,,,,,,,,,,,,,,,,,,,,,,,,,,,,,,,,,,,,,,,,,,,,,,,,,,,,,,,,,,,,,,,,,,,,,,,,,,,,,,,,,,,,,,,,,,,,,,,,,,,,,,,,,,,,,,,,,,,,,,,,,,,,,,,,,,,,,,,,,,,,,,,,,,,,,,,,,,,,,,,,,,,,,,,,,,,,,,,,,,,,,,,,,,,,,,,,,,,,,,,,,,,,,,,,,,,,,,,,,,,,,,,,,,,,,,,,,,,,,,,,,,,,,,,,,,,,,,,,,,,,,,,,,,,,,,,,,,,,,,,,,,,,,,,,,,,,,,,,,,,,,,,,,,,,,,,,,,,,,,,,,,,,,,,,,,,,,,,,,,,,,,,,,,,,,,,,,,,,,,,,,,,,,,,,,,,
,,,,,,,,,,,,,,,,,,,,,,,,,,,,,,,,,,,,,,,,,,,,,,,,,,,,,,,,,,,,,,,,,,,,,,,,,,,,,,,,,,,,,,,,,,,,,,,,,,,,,,,,,,,,,,,,,,,,,,,,,,,,,,,,,,,,,,,,,,,,,,,,,,,,,,,,,,,,,,,,,,,,,,,,,,,,,,,,,,,,,,,,,,,,,,,,,,,,,,,,,,,,,,,,,,,,,,,,,,,,,,,,,,,,,,,,,,,,,,,,,,,,,,,,,,,,,,,,,,,,,,,,,,,,,,,,,,,,,,,,,,,,,,,,,,,,,,,,,,,,,,,,,,,,,,,,,,,,,,,,,,,,,,,,,,,,,,,,,,,,,,,,,,,,,,,,,,,,,,,,,,,,,,,,,,,,,,,,,,,,,,,,,,,,,,,,,,,,,,,,,,,,,,,,,,,,,,,,,,,,,,,,,,,,,,,,,,,,,,,,,,,,,,,,,,,,,,,,,,,,,,,,,,,,,,,,,,,,,,,,,,,,,,,,,,,,,,,,,,,,,,,,,,,,,,,,,,,,,,,,,,,,,,,,,,,,,,,,,,,,,,,,,,,,,,,,,,,,,,,,,,,,,,,,,,,,,,,,,,,,,,,,,,,,,,,,,,,,,,,,,,,,,,,,,,,,,,,,,,,,,,,,,,,,,,,,,,,,,,,,,,,,,,,,,,,,,,,,,,,,,,,,,,,,,,,,,,,,,,,,,,,,,,,,,,,,,,,,,,,,,,,,,,,,,,,,,,,,,,,,,,,,,,,,,,,,,,,,,,,,,,,,,,,,,,,,,,,,,,,,,,,,,,,,,,,,,,,,,,,,,,,,,,,,,,,,,,,,,,,,,,,,,,,,,,,,,,,,
,1960M01,1960M02,1960M03,1960M04,1960M05,1960M06,1960M07,1960M08,1960M09,1960M10,1960M11,1960M12,1961M01,1961M02,1961M03,1961M04,1961M05,1961M06,1961M07,1961M08,1961M09,1961M10,1961M11,1961M12,1962M01,1962M02,1962M03,1962M04,1962M05,1962M06,1962M07,1962M08,1962M09,1962M10,1962M11,1962M12,1963M01,1963M02,1963M03,1963M04,1963M05,1963M06,1963M07,1963M08,1963M09,1963M10,1963M11,1963M12,1964M01,1964M02,1964M03,1964M04,1964M05,1964M06,1964M07,1964M08,1964M09,1964M10,1964M11,1964M12,1965M01,1965M02,1965M03,1965M04,1965M05,1965M06,1965M07,1965M08,1965M09,1965M10,1965M11,1965M12,1966M01,1966M02,1966M03,1966M04,1966M05,1966M06,1966M07,1966M08,1966M09,1966M10,1966M11,1966M12,1967M01,1967M02,1967M03,1967M04,1967M05,1967M06,1967M07,1967M08,1967M09,1967M10,1967M11,1967M12,1968M01,1968M02,1968M03,1968M04,1968M05,1968M06,1968M07,1968M08,1968M09,1968M10,1968M11,1968M12,1969M01,1969M02,1969M03,1969M04,1969M05,1969M06,1969M07,1969M08,1969M09,1969M10,1969M11,1969M12,1970M01,1970M02,1970M03,1970M04,1970M05,1970M06,1970M07,1970M08,1970M09,1970M10,1970M11,1970M12,1971M01,1971M02,1971M03,1971M04,1971M05,1971M06,1971M07,1971M08,1971M09,1971M10,1971M11,1971M12,1972M01,1972M02,1972M03,1972M04,1972M05,1972M06,1972M07,1972M08,1972M09,1972M10,1972M11,1972M12,1973M01,1973M02,1973M03,1973M04,1973M05,1973M06,1973M07,1973M08,1973M09,1973M10,1973M11,1973M12,1974M01,1974M02,1974M03,1974M04,1974M05,1974M06,1974M07,1974M08,1974M09,1974M10,1974M11,1974M12,1975M01,1975M02,1975M03,1975M04,1975M05,1975M06,1975M07,1975M08,1975M09,1975M10,1975M11,1975M12,1976M01,1976M02,1976M03,1976M04,1976M05,1976M06,1976M07,1976M08,1976M09,1976M10,1976M11,1976M12,1977M01,1977M02,1977M03,1977M04,1977M05,1977M06,1977M07,1977M08,1977M09,1977M10,1977M11,1977M12,1978M01,1978M02,1978M03,1978M04,1978M05,1978M06,1978M07,1978M08,1978M09,1978M10,1978M11,1978M12,1979M01,1979M02,1979M03,1979M04,1979M05,1979M06,1979M07,1979M08,1979M09,1979M10,1979M11,1979M12,1980M01,1980M02,1980M03,1980M04,1980M05,1980M06,1980M07,1980M08,1980M09,1980M10,1980M11,1980M12,1981M01,1981M02,1981M03,1981M04,1981M05,1981M06,1981M07,1981M08,1981M09,1981M10,1981M11,1981M12,1982M01,1982M02,1982M03,1982M04,1982M05,1982M06,1982M07,1982M08,1982M09,1982M10,1982M11,1982M12,1983M01,1983M02,1983M03,1983M04,1983M05,1983M06,1983M07,1983M08,1983M09,1983M10,1983M11,1983M12,1984M01,1984M02,1984M03,1984M04,1984M05,1984M06,1984M07,1984M08,1984M09,1984M10,1984M11,1984M12,1985M01,1985M02,1985M03,1985M04,1985M05,1985M06,1985M07,1985M08,1985M09,1985M10,1985M11,1985M12,1986M01,1986M02,1986M03,1986M04,1986M05,1986M06,1986M07,1986M08,1986M09,1986M10,1986M11,1986M12,1987M01,1987M02,1987M03,1987M04,1987M05,1987M06,1987M07,1987M08,1987M09,1987M10,1987M11,1987M12,1988M01,1988M02,1988M03,1988M04,1988M05,1988M06,1988M07,1988M08,1988M09,1988M10,1988M11,1988M12,1989M01,1989M02,1989M03,1989M04,1989M05,1989M06,1989M07,1989M08,1989M09,1989M10,1989M11,1989M12,1990M01,1990M02,1990M03,1990M04,1990M05,1990M06,1990M07,1990M08,1990M09,1990M10,1990M11,1990M12,1991M01,1991M02,1991M03,1991M04,1991M05,1991M06,1991M07,1991M08,1991M09,1991M10,1991M11,1991M12,1992M01,1992M02,1992M03,1992M04,1992M05,1992M06,1992M07,1992M08,1992M09,1992M10,1992M11,1992M12,1993M01,1993M02,1993M03,1993M04,1993M05,1993M06,1993M07,1993M08,1993M09,1993M10,1993M11,1993M12,1994M01,1994M02,1994M03,1994M04,1994M05,1994M06,1994M07,1994M08,1994M09,1994M10,1994M11,1994M12,1995M01,1995M02,1995M03,1995M04,1995M05,1995M06,1995M07,1995M08,1995M09,1995M10,1995M11,1995M12,1996M01,1996M02,1996M03,1996M04,1996M05,1996M06,1996M07,1996M08,1996M09,1996M10,1996M11,1996M12,1997M01,1997M02,1997M03,1997M04,1997M05,1997M06,1997M07,1997M08,1997M09,1997M10,1997M11,1997M12,1998M01,1998M02,1998M03,1998M04,1998M05,1998M06,1998M07,1998M08,1998M09,1998M10,1998M11,1998M12,1999M01,1999M02,1999M03,1999M04,1999M05,1999M06,1999M07,1999M08,1999M09,1999M10,1999M11,1999M12,2000M01,2000M02,2000M03,2000M04,2000M05,2000M06,2000M07,2000M08,2000M09,2000M10,2000M11,2000M12,2001M01,2001M02,2001M03,2001M04,2001M05,2001M06,2001M07,2001M08,2001M09,2001M10,2001M11,2001M12,2002M01,2002M02,2002M03,2002M04,2002M05,2002M06,2002M07,2002M08,2002M09,2002M10,2002M11,2002M12,2003M01,2003M02,2003M03,2003M04,2003M05,2003M06,2003M07,2003M08,2003M09,2003M10,2003M11,2003M12,2004M01,2004M02,2004M03,2004M04,2004M05,2004M06,2004M07,2004M08,2004M09,2004M10,2004M11,2004M12,2005M01,2005M02,2005M03,2005M04,2005M05,2005M06,2005M07,2005M08,2005M09,2005M10,2005M11,2005M12,2006M01,2006M02,2006M03,2006M04,2006M05,2006M06,2006M07,2006M08,2006M09,2006M10,2006M11,2006M12,2007M01,2007M02,2007M03,2007M04,2007M05,2007M06,2007M07,2007M08,2007M09,2007M10,2007M11,2007M12,2008M01,2008M02,2008M03,2008M04,2008M05,2008M06,2008M07,2008M08,2008M09,2008M10,2008M11,2008M12,2009M01,2009M02,2009M03,2009M04,2009M05,2009M06,2009M07,2009M08,2009M09,2009M10,2009M11,2009M12,2010M01,2010M02,2010M03,2010M04,2010M05,2010M06,2010M07,2010M08,2010M09,2010M10,2010M11,2010M12,2011M01,2011M02,2011M03,2011M04,2011M05,2011M06,2011M07,2011M08,2011M09,2011M10,2011M11,2011M12,2012M01,2012M02,2012M03,2012M04,2012M05,2012M06,2012M07,2012M08,2012M09,2012M10,2012M11,2012M12,2013M01,2013M02,2013M03,2013M04,2013M05,2013M06,2013M07,2013M08,2013M09,2013M10,2013M11,2013M12,2014M01,2014M02,2014M03,2014M04,2014M05,2014M06,2014M07,2014M08,2014M09,2014M10,2014M11,2014M12,2015M01,2015M02,2015M03,2015M04,2015M05,2015M06,2015M07,2015M08,2015M09,2015M10,2015M11,2015M12,2016M01,2016M02,2016M03,2016M04,2016M05,2016M06,2016M07,2016M08,2016M09,2016M10,2016M11,2016M12,2017M01,2017M02,2017M03,2017M04,2017M05,2017M06,2017M07,2017M08,2017M09,2017M10,2017M11,2017M12,2018M01,2018M02,2018M03,2018M04,2018M05,2018M06,2018M07,2018M08,2018M09,2018M10,2018M11,2018M12,2019M01,2019M02,2019M03,2019M04,2019M05,2019M06,2019M07,2019M08,2019M09,2019M10,2019M11,2019M12,2020M01,2020M02,2020M03,2020M04,2020M05,2020M06,2020M07,2020M08,2020M09,2020M10,2020M11,2020M12,2021M01,2021M02,2021M03,2021M04,2021M05,2021M06,2021M07,2021M08,2021M09,2021M10,2021M11,2021M12,2022M01,2022M02,2022M03,2022M04,2022M05,2022M06,2022M07,2022M08,2022M09,2022M10,2022M11,2022M12,2023M01,2023M02,2023M03,2023M04,2023M05,2023M06,2023M07,2023M08,2023M09,2023M10,2023M11,2023M12,2024M01,2024M02,2024M03,2024M04,2024M05,2024M06,2024M07,2024M08,2024M09,2024M10,2024M11,2024M12,2025M01,2025M02,2025M03,2025M04,2025M05,2025M06,2025M07,2025M08,2025M09,2025M10,2025M11,2025M12,2026M01,2026M02,2026M03,2026M04,2026M05,2026M06,2026M07,2026M08,2026M09,2026M10,2026M11,2026M12,2027M01,2027M02,2027M03,2027M04,2027M05,2027M06,2027M07,2027M08,2027M09,2027M10,2027M11,2027M12
Marrakech,,,,,,,,,,,,,,,,,,,,,,,,,,,,,,,,,,,,,,,,,,,,,,,,,,,,,,,,,,,,,,,,,,,,,,,,,,,,,,,,,,,,,,,,,,,,,,,,,,,,,,,,,,,,,,,,,,,,,,,,,,,,,,,,,,,,,,,,,,,,,,,,,,,,,,,,,,,,,,,,,,,,,,,,,,,,,,,,,,,,,,,,,,,,,,,,,,,,,,,,,,,,,,,,,,,,,,,,,,,,,,,,,,,,,,,,,,,,,,,,,,,,,,,,,,,,,,,,,,,,,,,,,,,,,,,,,,,,,,,,,,,,,,,,,,,,,,,,,,,,,,,,,,,,,,,,,,,,,,,,,,,,,,,,,,,,,,,,,,,,,,,,,,,,,,,,,,,,,,,,,,,,,,,,,,,,,,,,,,,,,,,,,,,,,,,,,,,,,,,,,,,,,,,,,,,,,,,,,,,,,,,,,,,,,,,,,,,,,,,,,,,,,,,,,,,,,,,,,,,,,,,,,,,,,,,,,,,,,,,,,,,,,,,,,,,,,,,,,,,,,,,,,,,,,,,,,,,,,,,,,,,,,,,,,,,,,,,,,,,,,,,,,,,,,,,,,,,,,,,,,,,,,57,62,,,71,70,,,,68,67,66,50,53,57,60,60,59,58,,57,58,57,55,37,38,42,47,48,47,47,,43,56,47,47,40,42,46,50,51,50,50,,49,51,51,50,44,46,48,51,50,48,48,48,47,48,,46,33,38,39,45,46,46,,46,47,47,47,46,41,42,46,50,,,,52,53,53,,,45,49,51,56,57,56,54,55,55,56,55,54,40,43,46,50,52,50,48,50,50,50,50,49,35,37,40,45,47,44,44,46,47,48,49,48,37,,47,53,53,50,50,52,52,53,54,59,48,52,54,59,58,56,56,57,58,59,59,53,52,56,62,67,63,63,63,,,,,,,,,,,,,,,,,,,,,,,,,,,,,,,,,,,,,,,,,,,,,,,,,,,,,,,,,,,,,,,,,,,,,,,,,,,,,,,,,,,,,,,,,,,,,,,,,,,,,
Agadir,,,,,,,,,,,,,,,,,,,,,,,,,,,,,,,,,,,,,,,,,,,,,,,,,,,,,,,,,,,,,,,,,,,,,,,,,,,,,,,,,,,,,,,,,,,,,,,,,,,,,,,,,,,,,,,,,,,,,,,,,,,,,,,,,,,,,,,,,,,,,,,,,,,,,,,,,,,,,,,,,,,,,,,,,,,,,,,,,,,,,,,,,,,,,,,,,,,,,,,,,,,,,,,,,,,,,,,,,,,,,,,,,,,,,,,,,,,,,,,,,,,,,,,,,,,,,,,,,,,,,,,,,,,,,,,,,,,,,,,,,,,,,,,,,,,,,,,,,,,,,,,,,,,,,,,,,,,,,,,,,,,,,,,,,,,,,,,,,,,,,,,,,,,,,,,,,,,,,,,,,,,,,,,,,,,,,,,,,,,,,,,,,,,,,,,,,,,,,,,,,,,,,,,,,,,,,,,,,,,,,,,,,,,,,,,,,,,,,,,,,,,,,,,,,,,,,,,,,,,,,,,,,,,,,,,,,,,,,,,,,,,,,,,,,,,,,,,,,,,,,,,,,,,,,,,,,,,,,,,,,,,,,,,,,,,,,,,,,,,,,,,,,,,,,,,,,,,,,,,,,,,,,57,60,,,63,64,,,,67,66,63,49,50,52,53,53,54,56,,59,59,58,57,50,51,53,53,54,54,57,,53,55,57,55,43,46,49,49,50,52,57,,68,61,60,58,60,61,60,59,57,56,59,58,58,58,,55,47,48,49,49,49,50,,54,55,54,54,53,50,52,53,53,,,,59,60,60,,,56,56,57,57,56,57,56,60,61,60,59,58,47,49,50,50,50,48,48,53,53,52,52,50,44,46,46,46,46,44,46,51,52,51,51,50,50,,51,52,51,49,51,55,55,55,55,55,57,57,57,58,56,55,58,61,62,61,61,59,52,54,55,56,53,53,56,,,,,,,,,,,,,,,,,,,,,,,,,,,,,,,,,,,,,,,,,,,,,,,,,,,,,,,,,,,,,,,,,,,,,,,,,,,,,,,,,,,,,,,,,,,,,,,,,,,,,
Casablanca,,,,,,,,,,,,,,,,,,,,,,,,,,,,,,,,,,,,,,,,,,,,,,,,,,,,,,,,,,,,,,,,,,,,,,,,,,,,,,,,,,,,,,,,,,,,,,,,,,,,,,,,,,,,,,,,,,,,,,,,,,,,,,,,,,,,,,,,,,,,,,,,,,,,,,,,,,,,,,,,,,,,,,,,,,,,,,,,,,,,,,,,,,,,,,,,,,,,,,,,,,,,,,,,,,,,,,,,,,,,,,,,,,,,,,,,,,,,,,,,,,,,,,,,,,,,,,,,,,,,,,,,,,,,,,,,,,,,,,,,,,,,,,,,,,,,,,,,,,,,,,,,,,,,,,,,,,,,,,,,,,,,,,,,,,,,,,,,,,,,,,,,,,,,,,,,,,,,,,,,,,,,,,,,,,,,,,,,,,,,,,,,,,,,,,,,,,,,,,,,,,,,,,,,,,,,,,,,,,,,,,,,,,,,,,,,,,,,,,,,,,,,,,,,,,,,,,,,,,,,,,,,,,,,,,,,,,,,,,,,,,,,,,,,,,,,,,,,,,,,,,,,,,,,,,,,,,,,,,,,,,,,,,,,,,,,,,,,,,,,,,,,,,,,,,,,,,,,,,,,,,,,,55,56,,,57,57,,,,55,56,55,45,47,48,50,51,52,53,,52,52,53,52,44,47,48,49,50,51,51,,41,60,50,50,48,49,52,54,55,55,55,,49,54,54,53,53,55,54,53,53,52,52,49,49,50,,50,46,48,50,51,52,53,,50,51,52,52,52,46,48,49,52,,,,52,53,53,,,48,51,52,54,55,56,52,52,53,53,54,53,44,48,52,54,55,54,52,52,52,53,53,53,49,51,53,54,55,52,52,52,52,53,53,53,49,,56,58,58,55,55,54,54,55,55,55,53,55,58,61,59,56,56,55,55,56,56,56,44,46,50,53,50,50,50,,,,,,,,,,,,,,,,,,,,,,,,,,,,,,,,,,,,,,,,,,,,,,,,,,,,,,,,,,,,,,,,,,,,,,,,,,,,,,,,,,,,,,,,,,,,,,,,,,,,,
Tanger,,,,,,,,,,,,,,,,,,,,,,,,,,,,,,,,,,,,,,,,,,,,,,,,,,,,,,,,,,,,,,,,,,,,,,,,,,,,,,,,,,,,,,,,,,,,,,,,,,,,,,,,,,,,,,,,,,,,,,,,,,,,,,,,,,,,,,,,,,,,,,,,,,,,,,,,,,,,,,,,,,,,,,,,,,,,,,,,,,,,,,,,,,,,,,,,,,,,,,,,,,,,,,,,,,,,,,,,,,,,,,,,,,,,,,,,,,,,,,,,,,,,,,,,,,,,,,,,,,,,,,,,,,,,,,,,,,,,,,,,,,,,,,,,,,,,,,,,,,,,,,,,,,,,,,,,,,,,,,,,,,,,,,,,,,,,,,,,,,,,,,,,,,,,,,,,,,,,,,,,,,,,,,,,,,,,,,,,,,,,,,,,,,,,,,,,,,,,,,,,,,,,,,,,,,,,,,,,,,,,,,,,,,,,,,,,,,,,,,,,,,,,,,,,,,,,,,,,,,,,,,,,,,,,,,,,,,,,,,,,,,,,,,,,,,,,,,,,,,,,,,,,,,,,,,,,,,,,,,,,,,,,,,,,,,,,,,,,,,,,,,,,,,,,,,,,,,,,,,,,,,,,,41,40,,,39,46,,,,49,49,48,43,45,46,38,49,51,54,,55,55,55,54,46,47,47,49,51,52,55,,35,58,54,53,45,47,48,50,50,51,55,,48,54,53,53,43,42,45,46,47,49,52,50,51,50,,48,39,40,41,42,43,44,,47,48,48,47,46,38,43,42,44,,,,49,50,49,,,38,38,39,41,43,43,41,45,46,45,44,43,32,31,33,37,37,35,32,31,31,32,32,31,29,31,33,34,36,34,37,40,41,41,40,40,33,,36,41,41,39,42,45,46,46,46,45,39,40,41,45,44,43,46,50,51,52,51,51,45,47,50,54,50,51,53,,,,,,,,,,,,,,,,,,,,,,,,,,,,,,,,,,,,,,,,,,,,,,,,,,,,,,,,,,,,,,,,,,,,,,,,,,,,,,,,,,,,,,,,,,,,,,,,,,,,,
Fès,,,,,,,,,,,,,,,,,,,,,,,,,,,,,,,,,,,,,,,,,,,,,,,,,,,,,,,,,,,,,,,,,,,,,,,,,,,,,,,,,,,,,,,,,,,,,,,,,,,,,,,,,,,,,,,,,,,,,,,,,,,,,,,,,,,,,,,,,,,,,,,,,,,,,,,,,,,,,,,,,,,,,,,,,,,,,,,,,,,,,,,,,,,,,,,,,,,,,,,,,,,,,,,,,,,,,,,,,,,,,,,,,,,,,,,,,,,,,,,,,,,,,,,,,,,,,,,,,,,,,,,,,,,,,,,,,,,,,,,,,,,,,,,,,,,,,,,,,,,,,,,,,,,,,,,,,,,,,,,,,,,,,,,,,,,,,,,,,,,,,,,,,,,,,,,,,,,,,,,,,,,,,,,,,,,,,,,,,,,,,,,,,,,,,,,,,,,,,,,,,,,,,,,,,,,,,,,,,,,,,,,,,,,,,,,,,,,,,,,,,,,,,,,,,,,,,,,,,,,,,,,,,,,,,,,,,,,,,,,,,,,,,,,,,,,,,,,,,,,,,,,,,,,,,,,,,,,,,,,,,,,,,,,,,,,,,,,,,,,,,,,,,,,,,,,,,,,,,,,,,,,,,28,29,,,44,39,,,,38,38,37,28,29,35,55,40,39,39,,38,39,38,37,31,34,39,45,45,43,42,,32,50,40,40,27,29,33,37,39,39,38,,38,39,38,38,29,30,32,36,35,34,33,31,31,31,,30,48,52,27,30,31,31,,29,29,30,30,29,22,25,30,35,,,,32,33,34,,,25,29,32,38,39,38,35,35,35,35,36,35,33,34,34,38,39,38,39,44,45,45,44,42,22,23,26,30,31,29,28,28,28,30,30,30,24,,30,35,37,34,33,33,33,35,35,35,27,30,37,41,40,38,37,37,38,39,40,40,32,35,39,44,43,42,40,,,,,,,,,,,,,,,,,,,,,,,,,,,,,,,,,,,,,,,,,,,,,,,,,,,,,,,,,,,,,,,,,,,,,,,,,,,,,,,,,,,,,,,,,,,,,,,,,,,,,
Rabat,,,,,,,,,,,,,,,,,,,,,,,,,,,,,,,,,,,,,,,,,,,,,,,,,,,,,,,,,,,,,,,,,,,,,,,,,,,,,,,,,,,,,,,,,,,,,,,,,,,,,,,,,,,,,,,,,,,,,,,,,,,,,,,,,,,,,,,,,,,,,,,,,,,,,,,,,,,,,,,,,,,,,,,,,,,,,,,,,,,,,,,,,,,,,,,,,,,,,,,,,,,,,,,,,,,,,,,,,,,,,,,,,,,,,,,,,,,,,,,,,,,,,,,,,,,,,,,,,,,,,,,,,,,,,,,,,,,,,,,,,,,,,,,,,,,,,,,,,,,,,,,,,,,,,,,,,,,,,,,,,,,,,,,,,,,,,,,,,,,,,,,,,,,,,,,,,,,,,,,,,,,,,,,,,,,,,,,,,,,,,,,,,,,,,,,,,,,,,,,,,,,,,,,,,,,,,,,,,,,,,,,,,,,,,,,,,,,,,,,,,,,,,,,,,,,,,,,,,,,,,,,,,,,,,,,,,,,,,,,,,,,,,,,,,,,,,,,,,,,,,,,,,,,,,,,,,,,,,,,,,,,,,,,,,,,,,,,,,,,,,,,,,,,,,,,,,,,,,,,,,,,,,43,47,,,54,55,,,,54,55,54,48,54,54,47,56,58,58,,55,56,57,56,47,51,53,56,57,56,57,,48,71,55,55,45,48,53,55,58,59,58,,53,56,56,55,50,50,52,54,56,56,55,52,52,53,,53,22,24,53,55,56,57,,52,53,53,54,53,44,48,52,54,,,,52,54,55,,,49,53,54,58,58,59,56,54,54,55,55,55,46,49,53,55,57,56,54,52,52,53,54,53,46,50,52,54,58,55,54,53,53,54,54,53,46,,52,56,58,53,54,52,52,54,54,54,46,50,53,56,55,54,54,52,52,53,54,54,46,49,53,57,54,54,53,,,,,,,,,,,,,,,,,,,,,,,,,,,,,,,,,,,,,,,,,,,,,,,,,,,,,,,,,,,,,,,,,,,,,,,,,,,,,,,,,,,,,,,,,,,,,,,,,,,,,
Ouarzazate,,,,,,,,,,,,,,,,,,,,,,,,,,,,,,,,,,,,,,,,,,,,,,,,,,,,,,,,,,,,,,,,,,,,,,,,,,,,,,,,,,,,,,,,,,,,,,,,,,,,,,,,,,,,,,,,,,,,,,,,,,,,,,,,,,,,,,,,,,,,,,,,,,,,,,,,,,,,,,,,,,,,,,,,,,,,,,,,,,,,,,,,,,,,,,,,,,,,,,,,,,,,,,,,,,,,,,,,,,,,,,,,,,,,,,,,,,,,,,,,,,,,,,,,,,,,,,,,,,,,,,,,,,,,,,,,,,,,,,,,,,,,,,,,,,,,,,,,,,,,,,,,,,,,,,,,,,,,,,,,,,,,,,,,,,,,,,,,,,,,,,,,,,,,,,,,,,,,,,,,,,,,,,,,,,,,,,,,,,,,,,,,,,,,,,,,,,,,,,,,,,,,,,,,,,,,,,,,,,,,,,,,,,,,,,,,,,,,,,,,,,,,,,,,,,,,,,,,,,,,,,,,,,,,,,,,,,,,,,,,,,,,,,,,,,,,,,,,,,,,,,,,,,,,,,,,,,,,,,,,,,,,,,,,,,,,,,,,,,,,,,,,,,,,,,,,,,,,,,,,,,,,,21,24,,,33,31,,,,28,28,28,17,19,24,27,28,26,25,,25,26,26,25,15,16,20,25,26,25,24,,18,32,24,23,14,16,20,24,25,24,22,,21,23,22,22,14,16,18,22,21,19,18,17,16,,,16,10,12,15,19,20,19,,17,17,19,19,18,14,16,19,22,,,,19,19,20,,,15,19,24,30,31,29,27,26,27,28,28,27,38,23,38,29,31,42,31,33,33,33,33,32,14,17,21,24,24,26,21,20,20,21,21,21,17,,23,28,28,26,24,24,24,24,24,24,20,24,24,29,28,26,25,24,24,25,25,25,25,27,30,37,35,34,32,,,,,,,,,,,,,,,,,,,,,,,,,,,,,,,,,,,,,,,,,,,,,,,,,,,,,,,,,,,,,,,,,,,,,,,,,,,,,,,,,,,,,,,,,,,,,,,,,,,,,
Meknès,,,,,,,,,,,,,,,,,,,,,,,,,,,,,,,,,,,,,,,,,,,,,,,,,,,,,,,,,,,,,,,,,,,,,,,,,,,,,,,,,,,,,,,,,,,,,,,,,,,,,,,,,,,,,,,,,,,,,,,,,,,,,,,,,,,,,,,,,,,,,,,,,,,,,,,,,,,,,,,,,,,,,,,,,,,,,,,,,,,,,,,,,,,,,,,,,,,,,,,,,,,,,,,,,,,,,,,,,,,,,,,,,,,,,,,,,,,,,,,,,,,,,,,,,,,,,,,,,,,,,,,,,,,,,,,,,,,,,,,,,,,,,,,,,,,,,,,,,,,,,,,,,,,,,,,,,,,,,,,,,,,,,,,,,,,,,,,,,,,,,,,,,,,,,,,,,,,,,,,,,,,,,,,,,,,,,,,,,,,,,,,,,,,,,,,,,,,,,,,,,,,,,,,,,,,,,,,,,,,,,,,,,,,,,,,,,,,,,,,,,,,,,,,,,,,,,,,,,,,,,,,,,,,,,,,,,,,,,,,,,,,,,,,,,,,,,,,,,,,,,,,,,,,,,,,,,,,,,,,,,,,,,,,,,,,,,,,,,,,,,,,,,,,,,,,,,,,,,,,,,,,,,26,26,,,34,33,,,,39,31,37,25,25,28,33,34,33,34,,32,32,32,31,24,26,28,31,31,31,31,,20,21,30,29,24,26,29,32,33,33,34,,29,32,32,31,24,26,28,31,31,30,30,28,28,28,,27,17,24,25,28,28,28,,25,26,,,,23,24,26,30,,,,27,27,27,,,23,25,28,32,31,29,27,27,26,26,27,27,21,38,25,40,42,30,42,43,42,43,42,41,20,22,24,26,26,24,22,22,22,23,23,23,18,,25,29,27,24,24,24,24,25,26,27,22,24,27,30,29,27,26,26,26,26,27,25,22,23,26,30,27,26,26,,,,,,,,,,,,,,,,,,,,,,,,,,,,,,,,,,,,,,,,,,,,,,,,,,,,,,,,,,,,,,,,,,,,,,,,,,,,,,,,,,,,,,,,,,,,,,,,,,,,,
Tétouan,,,,,,,,,,,,,,,,,,,,,,,,,,,,,,,,,,,,,,,,,,,,,,,,,,,,,,,,,,,,,,,,,,,,,,,,,,,,,,,,,,,,,,,,,,,,,,,,,,,,,,,,,,,,,,,,,,,,,,,,,,,,,,,,,,,,,,,,,,,,,,,,,,,,,,,,,,,,,,,,,,,,,,,,,,,,,,,,,,,,,,,,,,,,,,,,,,,,,,,,,,,,,,,,,,,,,,,,,,,,,,,,,,,,,,,,,,,,,,,,,,,,,,,,,,,,,,,,,,,,,,,,,,,,,,,,,,,,,,,,,,,,,,,,,,,,,,,,,,,,,,,,,,,,,,,,,,,,,,,,,,,,,,,,,,,,,,,,,,,,,,,,,,,,,,,,,,,,,,,,,,,,,,,,,,,,,,,,,,,,,,,,,,,,,,,,,,,,,,,,,,,,,,,,,,,,,,,,,,,,,,,,,,,,,,,,,,,,,,,,,,,,,,,,,,,,,,,,,,,,,,,,,,,,,,,,,,,,,,,,,,,,,,,,,,,,,,,,,,,,,,,,,,,,,,,,,,,,,,,,,,,,,,,,,,,,,,,,,,,,,,,,,,,,,,,,,,,,,,,,,,,,,19,19,,,38,27,,,,31,38,31,21,22,24,25,27,29,37,,42,41,39,37,18,18,20,22,23,24,31,,24,32,33,32,15,22,27,26,25,25,33,,24,32,31,30,21,20,20,22,23,25,33,35,35,33,,31,20,18,20,22,23,24,,32,,32,30,29,17,16,18,20,,,,31,31,30,,,15,16,17,20,21,24,25,30,32,30,29,28,14,17,20,24,24,22,21,20,20,21,21,21,19,19,19,22,20,19,25,32,32,31,30,29,14,,18,21,21,21,27,33,33,32,31,30,20,20,16,18,18,19,26,32,32,31,30,29,22,24,29,34,32,,,,,,,,,,,,,,,,,,,,,,,,,,,,,,,,,,,,,,,,,,,,,,,,,,,,,,,,,,,,,,,,,,,,,,,,,,,,,,,,,,,,,,,,,,,,,,,,,,,,,,,
Essaouira - Mogador,,,,,,,,,,,,,,,,,,,,,,,,,,,,,,,,,,,,,,,,,,,,,,,,,,,,,,,,,,,,,,,,,,,,,,,,,,,,,,,,,,,,,,,,,,,,,,,,,,,,,,,,,,,,,,,,,,,,,,,,,,,,,,,,,,,,,,,,,,,,,,,,,,,,,,,,,,,,,,,,,,,,,,,,,,,,,,,,,,,,,,,,,,,,,,,,,,,,,,,,,,,,,,,,,,,,,,,,,,,,,,,,,,,,,,,,,,,,,,,,,,,,,,,,,,,,,,,,,,,,,,,,,,,,,,,,,,,,,,,,,,,,,,,,,,,,,,,,,,,,,,,,,,,,,,,,,,,,,,,,,,,,,,,,,,,,,,,,,,,,,,,,,,,,,,,,,,,,,,,,,,,,,,,,,,,,,,,,,,,,,,,,,,,,,,,,,,,,,,,,,,,,,,,,,,,,,,,,,,,,,,,,,,,,,,,,,,,,,,,,,,,,,,,,,,,,,,,,,,,,,,,,,,,,,,,,,,,,,,,,,,,,,,,,,,,,,,,,,,,,,,,,,,,,,,,,,,,,,,,,,,,,,,,,,,,,,,,,,,,,,,,,,,,,,,,,,,,,,,,,,,,,,25,26,,,23,38,,,,41,40,38,20,21,26,29,31,32,33,,35,35,33,31,14,16,18,22,24,25,28,,26,34,30,29,17,20,24,28,30,31,33,,33,36,34,33,21,22,24,27,27,27,29,29,29,30,,28,17,19,22,26,27,27,,32,45,33,32,31,23,24,30,32,,,,38,38,38,,,25,27,31,34,35,46,35,38,38,39,38,37,22,25,28,30,30,28,25,25,24,24,25,25,20,22,24,26,28,22,27,31,31,31,31,30,22,,27,31,31,30,31,34,35,36,35,35,26,27,32,36,35,34,34,37,37,38,38,38,28,31,36,40,38,38,38,,,,,,,,,,,,,,,,,,,,,,,,,,,,,,,,,,,,,,,,,,,,,,,,,,,,,,,,,,,,,,,,,,,,,,,,,,,,,,,,,,,,,,,,,,,,,,,,,,,,,
Oujda-Essaidia  ,,,,,,,,,,,,,,,,,,,,,,,,,,,,,,,,,,,,,,,,,,,,,,,,,,,,,,,,,,,,,,,,,,,,,,,,,,,,,,,,,,,,,,,,,,,,,,,,,,,,,,,,,,,,,,,,,,,,,,,,,,,,,,,,,,,,,,,,,,,,,,,,,,,,,,,,,,,,,,,,,,,,,,,,,,,,,,,,,,,,,,,,,,,,,,,,,,,,,,,,,,,,,,,,,,,,,,,,,,,,,,,,,,,,,,,,,,,,,,,,,,,,,,,,,,,,,,,,,,,,,,,,,,,,,,,,,,,,,,,,,,,,,,,,,,,,,,,,,,,,,,,,,,,,,,,,,,,,,,,,,,,,,,,,,,,,,,,,,,,,,,,,,,,,,,,,,,,,,,,,,,,,,,,,,,,,,,,,,,,,,,,,,,,,,,,,,,,,,,,,,,,,,,,,,,,,,,,,,,,,,,,,,,,,,,,,,,,,,,,,,,,,,,,,,,,,,,,,,,,,,,,,,,,,,,,,,,,,,,,,,,,,,,,,,,,,,,,,,,,,,,,,,,,,,,,,,,,,,,,,,,,,,,,,,,,,,,,,,,,,,,,,,,,,,,,,,,,,,,,,,,,,,,,,,,,,,,,,,,,,,,,,,,,26,26,30,23,22,22,,24,,,24,30,30,29,16,21,22,21,24,28,33,,26,34,33,33,22,20,21,21,21,27,37,40,39,38,,36,16,17,18,17,23,30,,38,38,35,34,32,13,13,13,14,,,,27,28,26,,,16,18,19,20,20,23,27,30,32,31,30,30,19,19,19,21,24,24,26,32,32,31,30,29,18,19,20,20,24,23,29,34,36,34,33,32,16,,16,20,21,24,28,32,33,31,30,30,24,26,26,27,25,26,32,37,38,36,35,33,20,21,19,24,20,25,31,,,,,,,,,,,,,,,,,,,,,,,,,,,,,,,,,,,,,,,,,,,,,,,,,,,,,,,,,,,,,,,,,,,,,,,,,,,,,,,,,,,,,,,,,,,,,,,,,,,,,
EL jadida-mazagan  ,,,,,,,,,,,,,,,,,,,,,,,,,,,,,,,,,,,,,,,,,,,,,,,,,,,,,,,,,,,,,,,,,,,,,,,,,,,,,,,,,,,,,,,,,,,,,,,,,,,,,,,,,,,,,,,,,,,,,,,,,,,,,,,,,,,,,,,,,,,,,,,,,,,,,,,,,,,,,,,,,,,,,,,,,,,,,,,,,,,,,,,,,,,,,,,,,,,,,,,,,,,,,,,,,,,,,,,,,,,,,,,,,,,,,,,,,,,,,,,,,,,,,,,,,,,,,,,,,,,,,,,,,,,,,,,,,,,,,,,,,,,,,,,,,,,,,,,,,,,,,,,,,,,,,,,,,,,,,,,,,,,,,,,,,,,,,,,,,,,,,,,,,,,,,,,,,,,,,,,,,,,,,,,,,,,,,,,,,,,,,,,,,,,,,,,,,,,,,,,,,,,,,,,,,,,,,,,,,,,,,,,,,,,,,,,,,,,,,,,,,,,,,,,,,,,,,,,,,,,,,,,,,,,,,,,,,,,,,,,,,,,,,,,,,,,,,,,,,,,,,,,,,,,,,,,,,,,,,,,,,,,,,,,,,,,,,,,,,,,,,,,,,,,,,,,,,,,,,,,,,,,,,,,,,,,,,,,,,,,,,,,,,,,28,27,20,21,24,24,,25,,,26,31,28,27,25,22,20,31,33,23,38,,29,38,38,37,42,47,43,42,41,41,42,41,40,40,,39,33,33,34,35,36,38,,41,42,42,42,42,33,34,35,37,,,,44,44,44,,,33,38,40,44,45,35,45,47,47,47,47,45,17,19,19,20,22,24,28,34,35,35,34,33,31,33,34,36,38,36,39,42,42,42,41,40,27,,32,36,37,35,37,40,40,40,40,35,31,34,33,35,34,33,35,38,37,37,36,39,29,30,32,36,33,33,35,,,,,,,,,,,,,,,,,,,,,,,,,,,,,,,,,,,,,,,,,,,,,,,,,,,,,,,,,,,,,,,,,,,,,,,,,,,,,,,,,,,,,,,,,,,,,,,,,,,,,
Total,,,,,,,,,,,,,,,,,,,,,,,,,,,,,,,,,,,,,,,,,,,,,,,,,,,,,,,,,,,,,,,,,,,,,,,,,,,,,,,,,,,,,,,,,,,,,,,,,,,,,,,,,,,,,,,,,,,,,,,,,,,,,,,,,,,,,,,,,,,,,,,,,,,,,,,,,,,,,,,,,,,,,,,,,,,,,,,,,,,,,,,,,,,,,,,,,,,,,,,,,,,,,,,,,,,,,,,,,,,,,,,,,,,,,,,,,,,,,,,,,,,,,,,,,,,,,,,,,,,,,,,,,,,,,,,,,,,,,,,,,,,,,,,,,,,,,,,,,,,,,,,,,,,,,,,,,,,,,,,,,,,,,,,,,,,,,,,,,,,,,,,,,,,,,,,,,,,,,,,,,,,,,,,,,,,,,,,,,,,,,,,,,,,,,,,,,,,,,,,,,,,,,,,,,,,,,,,,,,,,,,,,,,,,,,,,,,,,,,,,,,,,,,,,,,,,,,,,,,,,,,,,,,,,,,,,,,,,,,,,,,,,,,,,,,,,,,,,,,,,,,,,,,,,,,,,,,,,,,,,,,,,,,,,,,,,,,,,,,,,,,,,,,,,,,,,,,,,,,,,,,,,,42,44,,,50,50,,,,50,49,48,38,40,42,50,45,45,46,,46,46,46,45,34,36,38,41,42,41,42,42,35,47,42,41,34,36,39,41,42,43,44,,43,45,46,43,39,40,41,43,42,41,42,41,41,41,,40,32,34,35,38,39,39,,40,41,41,41,40,35,36,39,41,,,,43,44,44,,,37,40,41,40,45,45,43,45,45,45,44,44,34,36,38,40,41,40,39,41,41,42,41,40,32,33,35,37,38,36,37,40,40,40,40,40,34,,39,42,42,40,41,43,43,44,44,46,39,41,43,46,45,44,45,46,47,47,47,43,39,42,79,83,,,46,,,,,,,,,,,,,,,,,,,,,,,,,,,,,,,,,,,,,,,,,,,,,,,,,,,,,,,,,,,,,,,,,,,,,,,,,,,,,,,,,,,,,,,,,,,,,,,,,,,,,
