;1990;1991;1992;1993;1994;1995;1996;1997;1998;1999;2000;2001;2002;2003;2004;2005;2006;2007;2008;2009;2010;2011;2012;2013;2014;2015;2016;2017;2018;2019
1 Industries Agro-alimentaires;1975.0;1859.0;2078.0;3062.0;2315.0;2055.0;2173.0;2176.0;2176.0;2372.0;3002.0;2774.0;2786.0;3623.0;2715.0;3234.0;3167.0;3721.0;4554.0;4816.0;4651.0;4098.0;4528.0;4253.0;7736.0;4497.0;5654.0;6 028;4 845;9 826
    15 Industries alimentaires;1899.115;1726.362;1889.942;2561.214;2068.86;1809.537;1992.466;2079.929;2040.32;2231.658;2912.686;2587.344;2703.843;3584.157;2614.774;3046.994;2980.371;3544.825;4481.692;4699.763;4475.455;3995.059;4391.2;4110.987;7401.772;4462.764;5639.592;;;
        151 Industrie des viandes;5.041;8.109;3.01;3.137;7.89;3.553;10.865;13.271;6.795;44.632;23.895;42.865;31.77;30.898;34.016;106.985;83.206;42.527;42.402;98.436;102.509;52.13;73.05;53.948;;;;;;
        152 Industrie du poisson;128.767;138.138;114.858;192.911;104.816;160.469;116.218;145.686;195.542;216.648;336.612;448.549;588.685;764.29;333.336;211.556;286.078;376.43;332.364;336.923;456.568;395.634;619.874;539.562;;;;;;
        153 Industrie des fruits et légumes;249.12;199.76;248.467;111.881;121.714;181.673;185.831;196.895;150.898;169.709;178.152;123.988;92.509;190.387;111.959;132.873;130.074;138.851;120.614;141.009;140.808;136.319;174.211;134.056;;;;;;
        154 Industrie des corps gras;163.404;72.745;146.003;697.667;507.798;144.35;128.334;168.59;159.252;292.825;385.527;192.791;309.836;346.723;262.982;233.721;267.747;156.795;184.884;371.002;321.002;248.704;327.746;206.887;;;;;;
        155 Industrie laitière;66.975;48.213;206.59;523.618;219.367;93.418;150.401;192.517;201.933;235.589;376.468;295.475;325.737;464.519;615.209;618.547;587.43;781.153;1121.319;1083.596;1211.72;889.691;877.319;568.58;;;;;;
        156 Transformation des céréales, amidonnerie et fabrication;179.806;196.634;330.683;265.806;261.205;453.391;332.349;417.614;469.583;427.391;307.01;434.574;245.052;167.865;236.411;401.587;546.088;565.554;538.28;573.837;911.633;693.512;512.298;695.68;;;;;;
        157 Fabrication des farines et gruaux;34.762;47.98;74.835;110.255;156.653;119.642;188.629;161.032;155.521;125.814;104.045;105.678;68.769;87.875;68.305;63.654;128.257;129.687;110.04;167.135;180.847;156.131;213.543;231.062;;;;;;
        158 Autres industries alimentaires;681.581;813.103;464.799;416.389;335.688;267.664;360.316;235.809;229.845;253.566;487.614;472.084;502.448;336.857;640.666;734.063;410.649;724.955;979.999;1102.634;623.228;647.619;592.374;712.951;;;;;;
        159 Industrie des boissons;389.659;201.68;300.697;239.55;353.729;385.377;519.523;548.515;470.951;465.484;713.363;471.34;539.037;1194.743;311.89;544.008;550.071;629.379;1062.173;935.116;845.244;775.319;1000.785;968.261;;;;;;
    16 Industrie du tabac;109.983;164.723;192.21;502.902;250.184;250.184;183.054;97.4;135.508;139.887;89.49;186.777;82.397;38.782;100.125;186.647;186.647;176.049;72.755;115.882;175.488;102.512;136.855;142.338;334.494;34.201;14.415;;;
        160 Industrie du tabac;109.983;164.723;192.21;502.902;250.184;250.184;183.054;97.4;135.508;139.887;89.49;186.777;82.397;38.782;100.125;186.647;186.647;176.049;72.755;115.882;175.488;102.512;136.855;142.338;;;;;;
2 Industries Textiles;1654.0;1991.0;1765.0;1336.0;1455.0;1752.0;1965.0;1969.0;2406.0;2420.0;2086.0;2048.0;1664.0;1680.0;1376.0;1620.0;1529.0;1755.0;1783.0;1110.0;940.0;1152.0;1076.0;945.0;729.0;660.0;978.0;1 256;1 025;2 864
    17 Industrie textile;1047.23;1476.567;1161.807;840.272;839.647;1102.71;1184.48;1130.36;1030.302;1189.506;924.191;1051.476;813.41;889.01;633.437;856.786;926.805;1074.723;1034.521;472.387;316.68;407.044;401.169;419.625;263.241;272.927;368.351;;;
        171 Filature;602.215;891.687;592.462;383.558;368.185;492.802;514.469;562.457;290.197;296.131;337.868;412.522;333.346;390.736;235.279;238.352;226.132;197.816;206.974;68.417;51.575;71.406;92.839;79.796;;;;;;
        172 Tissage;226.026;313.468;272.744;235.312;230.614;411.714;337.568;247.934;423.376;535.197;166.016;262.39;230.607;206.03;203.291;256.28;276.509;551.614;481.651;149.704;112.977;157.768;144.593;114.007;;;;;;
        173 Ennoblissement textile;30.13;69.278;98.04;66.996;51.006;45.218;165.677;97.583;74.982;77.466;112.777;92.975;67.564;83.877;74.481;115.007;112.972;78.863;87.489;113.381;71.329;62.732;72.371;54.031;;;;;;
        174 Fabrication d'articles textiles;38.138;27.98;89.362;30.407;21.034;39.502;26.034;103.081;34.883;57.985;77.515;93.39;28.275;30.567;27.636;73.422;134.932;92.945;113.073;99.339;42.231;47.224;56.007;54.931;;;;;;
        175 Fabrication de tapis et autres industries textiles;34.652;61.636;53.075;66.377;37.553;47.505;79.145;64.977;77.003;104.729;110.465;94.09;63.151;84.593;38.923;110.189;98.711;94.685;84.203;19.144;23.667;30.844;19.276;74.216;;;;;;
        176 Fabrication d'étoffes a maille;99.246;88.717;36.984;51.187;123.405;54.088;59.499;51.279;38.234;29.45;22.228;8.293;6.881;6.753;3.851;0.442;0.707;1.801;1.063;0.037;1.03;0.778;0.281;4.792;;;;;;
        177 Fabrication d'articles à maille;16.823;23.801;19.14;6.435;7.85;11.881;2.088;3.049;91.627;88.548;97.322;87.816;83.586;86.454;49.976;63.094;76.842;56.999;60.068;22.365;13.871;36.292;15.802;37.852;;;;;;
    18 Industrie de l'habillement et des fourrures;498.26;393.161;506.878;411.948;534.712;546.836;711.775;730.012;1210.655;1089.525;1005.299;850.824;715.997;691.116;644.876;664.604;513.105;521.92;645.197;438.566;474.271;585.614;490.646;397.518;405.491;304.122;543.335;;;
        181 Fabrication de vêtements en cuir;4.245;4.862;9.669;14.2;9.494;9.033;5.675;8.068;11.361;8.111;12.072;5.963;0.708;2.558;4.948;4.719;2.194;2.937;0.898;0.587;0.284;1.167;0.995;0.128;;;;;;
        182 Fabrication de vêtements en textile;494.015;388.299;497.209;397.748;525.218;537.803;706.1;721.944;1199.294;1081.414;993.227;844.861;715.289;688.558;639.928;659.885;510.911;518.983;644.299;437.979;473.987;584.447;489.651;397.39;;;;;;
        183 Industrie des fourrures;;;;;;;;;;;;;;;;;;;;;;;;;;;;;;
    19 Industrie du cuir et de la chaussure;72.68;87.29;89.646;80.512;76.476;97.156;62.962;102.842;164.86;140.845;156.603;145.381;135.022;99.926;98.1;98.503;89.576;158.076;102.978;198.653;148.803;159.472;183.728;128.289;60.38;82.918;66.73;;;
        191 Apprêt et tannage des cuirs;20.953;45.422;30.371;25.404;13.748;9.729;11.058;10.34;9.243;25.054;11.525;10.221;12.99;8.853;4.528;3.184;5.641;15.457;9.651;13.948;5.473;6.577;7.036;3.825;;;;;;
        192 Articles de voyage et de maroquinerie;12.606;4.95;3.347;4.961;2.797;2.409;3.439;4.909;5.787;9.755;9.013;9.955;6.094;3.857;3.729;0.879;1.494;3.449;5.882;3.877;6.025;2.757;3.234;3.101;;;;;;
        193 Chaussures;39.121;36.918;55.928;50.147;59.931;85.018;48.465;87.593;149.83;106.036;136.065;125.205;115.938;87.216;89.843;94.44;82.441;139.17;87.445;180.828;137.305;150.138;173.458;121.363;;;;;;
3 Industrie chimique et parachimique;2096.0;3012.0;4226.0;4884.0;2960.0;3141.0;2905.0;4069.0;3550.0;4029.0;4095.0;3659.0;3675.0;3608.0;6215.0;5611.0;9342.0;10821.0;13632.0;13820.0;10117.0;11054.0;11067.0;15065.0;20484.0;9852.0;6874.0;6 565;11 162;15 141
    20 Travail du bois et fabrication d'articles en bois;121.621;81.943;86.343;106.463;81.753;65.532;61.271;54.43;54.406;69.685;72.372;138.758;135.779;125.775;134.206;100.155;115.782;91.69;115.465;110.709;79.884;95.958;113.887;134.658;79.635;58.141;62.389;;;
        201 Sciages, rabotage, imprégnation du bois;5.604;17.069;18.851;17.558;6.43;6.056;7.998;9.287;5.356;12.09;11.213;18.682;9.025;5.652;12.917;9.439;12.206;4.042;13.881;2.982;6.964;2.249;2.803;1.14;;;;;;
        202 Fabrication de panneaux de bois;87.255;28.929;20.268;44.582;21.522;26.223;2.905;2.288;8.573;11.516;9.342;56.66;69.4;53.658;75.988;41.838;46.466;25.886;48.037;57.324;39.952;41.787;33.816;62.383;;;;;;
        203 Fabrication de charpentes et de menuiseries;9.359;14.113;24.528;24.534;37.582;22.935;31.218;31.449;22.366;31.444;31.881;23.006;31.955;23.008;22.724;26.916;21.56;26.823;31.068;30.608;15.623;35.604;53.127;27.976;;;;;;
        204 Fabrication d'emballages en bois;12.751;17.787;16.444;9.425;7.034;2.785;4.259;4.612;5.356;3.738;8.815;18.103;6.63;7.297;8.395;12.298;10.705;28.617;18.088;8.529;12.66;10.329;16.403;32.767;;;;;;
        205 Fabrication d'objets divers en bois, liège ou vannerie;6.652;4.045;6.252;10.364;9.185;7.533;14.891;6.794;12.755;10.897;11.121;22.307;18.769;36.16;14.182;9.664;24.845;6.322;4.391;11.266;4.685;5.989;7.738;10.392;;;;;;
    21 Industrie du papier et du carton;214.976;313.353;384.245;214.93;302.363;713.596;168.258;274.726;297.257;546.744;510.435;516.628;527.289;241.613;517.215;289.037;304.373;187.502;224.487;211.742;173.261;271.487;465.342;282.934;305.244;340.174;416.454;;;
        211 Pate a Papier, de papier et de carton;107.377;220.583;249.08;104.432;200.109;592.957;84.598;167.861;123.186;162.602;172.273;93.126;82.65;54.531;113.519;96.158;94.688;134.343;105.111;78.62;34.347;48.854;187.693;27.877;;;;;;
        212 Articles en papier ou en carton;107.599;92.77;135.165;110.498;102.254;120.639;83.66;106.865;174.071;384.142;338.162;423.502;444.639;187.082;403.696;192.879;209.685;53.159;119.376;133.122;138.914;222.633;277.649;255.057;;;;;;
    22 Edition, imprimerie, reproduction;80.734;78.533;118.183;149.958;88.23;120.395;126.377;162.584;165.556;190.007;212.555;163.249;169.958;225.219;217.692;188.187;230.271;343.52;238.714;318.869;296.374;122.192;371.222;217.221;112.094;192.393;177.828;;;
        221 Edition;;;;;;;;;78.138;77.389;73.266;50.528;64.33;50.212;53.899;57.924;39.234;92.23;52.867;125.499;126.38;12.202;10.781;7.561;;;;;;
        222 Imprimerie;80.734;78.533;118.183;149.958;88.23;120.395;126.377;162.584;87.418;112.618;139.289;112.521;105.628;175.007;163.793;130.263;191.037;251.29;185.847;193.37;169.994;109.99;360.441;209.66;;;;;;
        223 Reproduction d'enregistrements;;;;;;;;;;;;0.2;;;;;;;;;;;;;;;;;;
    23 Cokéfaction, raffinage, industries nucléaires;161.97;161.97;161.97;161.97;161.97;161.97;161.97;230.632;251.574;241.451;209.927;220.588;136.149;139.259;587.989;1089.702;2493.055;3460.981;5368.432;3272.517;1859.954;1172.616;1931.53;2673.424;5802.29;1392.754;217.417;;;
        231 Cokéfaction;;;;;;;;;;;0.008;;;0.507;0.617;2.786;17.846;33.529;42.497;8.602;2.872;0.496;0.477;0.827;;;;;;
        232 Raffinage de pétrole;161.97;161.97;161.97;161.97;161.97;161.97;161.97;230.632;251.574;241.451;209.919;220.588;136.149;138.752;587.372;1086.916;2475.209;3427.452;5325.935;3263.915;1857.082;1172.12;1931.053;2672.597;;;;;;
    24 Industrie Chimique;630.866;928.529;709.173;577.995;760.778;617.816;761.603;964.97;1256.865;1335.483;1258.134;933.108;957.085;1295.543;3068.6;1837.79;1861.163;2250.497;2617.103;4979.621;2940.718;5065.287;5173.385;9257.814;10437.442;5910.83;3867.521;;;
        241 Industrie Chimique de base;418.764;245.829;399.659;195.011;263.224;274.219;339.835;526.631;730.639;1005.639;778.812;435.823;514.056;675.968;2456.215;1236.087;1345.007;1713.743;1977.467;4219.583;1991.967;4338.079;4204.333;8077.439;;;;;;
        242 Produits Agro-chimiques;10.803;9.541;17.09;15.032;13.752;11.929;7.376;8.043;7.488;2.227;4.958;0.988;1.386;11.013;5.683;16.184;12.666;11.115;4.05;4.986;2.68;15.156;5.196;14.78;;;;;;
        243 Peintures et vernis;28.35;470.203;37.357;42.404;77.143;54.728;47.367;25.942;46.036;30.402;71.95;75.072;53.942;121.433;99.899;108.851;64.295;128.85;119.977;151.346;248.263;141.372;86.47;88.354;;;;;;
        244 Industrie Pharmaceutique;96.972;125.346;121.926;116.873;134.258;123.082;218.798;187.04;206.581;227.563;290.296;293.169;282.526;301.017;356.575;284.79;324.935;286.15;409.118;469.742;466.124;328.775;492.062;461.811;;;;;;
        245 Fabrication de savons, de parfums et de produits d'entretien;42.943;49.92;118.401;175.633;223.184;94.821;90.731;149.046;192.422;44.795;80.852;97.577;70.821;152.28;103.037;137.45;67.182;60.6;96.781;88.343;205.978;218.853;341.137;561.066;;;;;;
        246 Fabrication d'autres produits chimiques;33.034;27.69;14.74;33.042;49.217;59.037;57.496;68.268;73.699;24.149;30.532;29.679;33.519;33.822;35.517;49.518;46.034;48.133;52.418;43.33;24.285;22.994;44.187;54.364;;;;;;
        247 Fabrication de fibres artificielles ou synthétique;;;;;;;;;;0.708;0.734;0.8;0.835;0.01;11.674;4.91;1.044;1.906;7.972;2.291;1.421;0.058;;;;;;;;
    25 Industrie du caoutchouc et des plastiques;176.785;261.476;253.93;260.036;245.285;261.302;311.692;356.188;283.297;403.967;322.666;270.551;275.518;261.062;303.972;335.33;277.925;414.657;592.048;608.423;314.221;410.09;383.218;551.1;896.278;527.577;470.37;;;
        251 Industrie Du caoutchouc;34.628;33.211;54.654;57.055;29.769;46.668;69.292;68.211;68.109;69.865;35.89;32.691;22.667;5.855;10.38;10.409;4.662;4.728;18.083;33.998;19.902;8.228;13.103;16.87;;;;;;
        252 Transformation des matières plastiques;142.157;228.265;199.276;202.981;215.516;214.634;242.4;287.977;215.188;334.102;286.776;237.86;252.851;255.207;293.592;324.921;273.263;409.929;573.965;574.425;294.319;401.862;370.115;534.23;;;;;;
    26 Fabrication D'autres produits minéraux non métalliques;706.413;1179.965;2505.715;3407.763;1304.7;1188.49;1307.443;2020.844;1241.159;1241.972;1509.301;1416.413;1473.606;1319.32;1385.781;1770.471;4059.094;4072.11;4476.003;4318.352;4452.475;3916.334;2628.801;1948.137;2851.502;1430.488;1662.225;;;
        261 Fabrication De verre et d'articles en verre;16.401;82.988;11.222;9.251;42.611;49.622;68.619;55.453;14.143;28.743;96.676;97.066;65.77;64.737;32.779;125.423;60.777;48.074;139.751;235.896;181.052;135.892;63.322;80.783;;;;;;
        262 Fabrication De produits céramiques;71.216;157.279;331.025;384.509;449.447;597.595;520.159;472.906;104.31;24.305;34.669;80.834;38.233;65.791;43.396;49.101;50.197;479.399;103.196;121.027;286.774;115.487;96.589;69.164;;;;;;
        263 Fabrication De carreaux en céramiques;;;;;;;;;426.575;376.008;379.921;470.133;429.207;412.735;38.864;293.902;113.391;167.745;137.656;169.674;131.018;317.532;281.01;379.079;;;;;;
        264 Fabrication De tuiles et briques en terre cuite;71.279;412.107;92.362;52.657;230.491;117.912;189.638;119.184;142.106;133.151;198.258;65.454;77.087;194.967;184.307;217.59;149.615;121.272;187.441;454.843;449.238;197.95;241.82;72.401;;;;;;
        265 Fabrication De ciment, chaux et plâtre;372.314;353.457;1857.536;2740.082;338.299;215.187;181.191;1074.671;345.9;487.17;556.458;500.647;631.574;212.836;667.375;745.323;3268.385;2565.926;3217.097;2404.46;2749.619;2511.84;1208.724;886.369;;;;;;
        266 Ouvrages en Béton ou en plâtre;119.141;99.83;123.208;147.532;141.37;125.772;243.718;244.099;155.163;138.382;198.026;143.019;191.723;233.543;336.467;287.235;354.25;461.497;619.031;691.007;411.108;386.896;475.594;283.165;;;;;;
        267 Travail de la Pierre;38.85;27.116;31.984;14.155;19.733;57.622;44.507;18.369;23.802;28.251;37.602;42.19;31.18;46.942;35.855;46.837;52.518;53.956;28.949;35.775;25.928;15.109;20.567;26.848;;;;;;
        268 Fabrication De produits minéraux divers;17.212;47.188;58.378;59.577;82.749;24.78;59.611;36.162;29.16;25.962;7.691;17.07;8.832;87.769;46.738;5.06;9.961;174.241;108.392;207.26;269.123;235.628;241.175;150.328;;;;;;
4 Industrie mécanique et métallurgique;762.0;766.0;625.0;627.0;653.0;764.0;715.0;841.0;980.0;1015.0;1250.0;1911.0;1594.0;1120.0;880.0;2811.0;2505.0;1815.0;3810.0;3336.0;6064.0;7882.0;5161.0;2677.0;1583.0;2105.0;2095.0;2 888;4 135;8 812
    27 Métallurgie;41.376;36.506;16.059;20.868;22.1;20.36;21.535;16.488;74.143;145.34;430.616;630.029;561.598;223.678;208.714;1979.3;1430.058;502.416;1084.783;729.022;666.691;437.036;604.139;1173.197;207.949;385.394;413.226;;;
        271 Sidérurgie Et production de ferro-alliages;;;;;;;;;41.886;69.146;85.65;452.738;477.295;135.719;124.257;1810.009;1227.783;415.405;849.693;535.077;439.699;312.71;349.798;506.214;;;;;;
        272 Fabrication de tubes en fonte ou en acier;5.323;0.285;0.102;0.102;0.102;0.113;0.112;0.1;16.728;60.816;297.481;48.262;14.143;39.951;13.99;24.836;37.984;32.944;64.49;81.166;132.799;70.978;166.0;53.675;;;;;;
        273 Première transformation de l'acier;26.758;20.253;6.746;8.521;12.323;8.095;10.967;4.672;;;6.432;1.756;4.739;6.079;8.04;4.911;38.959;7.098;16.222;30.864;22.545;13.956;16.492;8.093;;;;;;
        274 Production de métaux non ferreux;5.759;13.246;6.597;9.631;2.744;4.632;4.237;3.854;15.524;15.236;39.532;124.099;63.248;37.77;22.223;139.307;104.885;28.626;64.392;52.551;48.415;26.957;28.393;35.407;;;;;;
        275 Fonderie;3.536;2.722;2.614;2.614;6.931;7.52;6.219;7.862;0.005;0.142;1.521;3.174;2.173;4.159;40.204;0.237;20.447;18.343;89.986;29.364;23.233;12.435;43.456;569.808;;;;;;
    28 Travail des métaux;332.834;298.073;321.77;312.917;318.24;382.337;372.358;428.472;433.93;470.845;505.684;736.011;355.395;320.131;326.333;343.925;472.116;765.983;1547.612;1610.912;2433.031;1302.756;726.468;554.482;649.738;764.087;625.91;;;
        281 Fabrication d'éléments en métal pour la construction;54.773;83.68;80.771;76.528;60.895;83.981;86.881;81.773;64.028;90.962;104.434;82.597;45.022;72.087;117.575;88.415;145.83;150.72;228.14;264.634;224.029;303.812;278.522;267.891;;;;;;
        282 Fabrication de réservoirs métalliques et de chaudières;;;;;;;;;94.62;115.883;60.377;29.062;39.437;92.845;86.241;22.934;22.258;12.713;24.329;14.146;22.125;40.988;53.953;43.266;;;;;;
        283 Chaudronnerie;40.653;64.146;27.251;27.074;96.375;97.143;95.008;110.548;1.642;1.895;1.296;0.875;2.118;0.139;0.223;1.78;3.886;1.847;2.067;14.82;28.028;1.338;1.51;1.061;;;;;;
        284 Forge, emboutissage, estampage, métallurgie des poudres;;;;;;;;;11.681;14.373;0.522;12.765;15.02;20.577;8.993;7.945;31.541;31.461;99.403;17.375;13.281;16.373;4.848;23.725;;;;;;
"        285 Traitement des métaux ; mécanique générale";10.387;5.048;4.551;1.228;3.766;6.235;3.153;2.808;75.942;47.848;54.361;391.715;148.35;34.953;40.568;78.178;48.876;25.347;34.141;83.196;99.42;29.131;47.34;45.261;;;;;;
        286 Fabrication de coutellerie, d'outillage et de quincailler;32.547;30.368;41.742;38.27;36.874;32.302;20.405;32.723;18.012;10.913;92.694;93.702;17.547;17.317;16.982;35.551;34.437;19.703;9.345;5.566;12.495;6.064;8.994;7.365;;;;;;
        287 Fabrication d'autres ouvrages en métaux;194.474;114.831;167.455;169.817;120.33;162.676;166.911;200.62;168.005;188.971;192.0;125.295;87.901;82.213;55.751;109.122;185.288;524.192;1150.558;1211.175;2033.653;905.05;331.301;165.913;;;;;;
    29 Fabrication de machines et équipements;67.165;107.379;108.99;77.058;93.187;113.872;126.02;108.631;76.072;93.744;64.235;80.83;175.839;141.798;100.1;96.279;114.169;139.055;165.8;168.447;179.279;48.321;73.562;73.842;70.323;170.829;104.782;;;
        291 Fabrication d'équipements mécaniques;35.91;45.213;31.543;30.938;39.6;38.744;45.859;45.337;17.821;19.911;11.628;19.449;31.596;28.08;17.639;22.231;17.258;39.984;30.703;47.014;12.235;10.544;31.178;6.798;;;;;;
        292 Fabrication de machines d'usage général;26.482;42.708;56.476;31.994;19.489;44.468;26.46;17.538;18.146;14.864;12.831;30.107;94.712;24.864;50.202;53.867;20.93;18.707;23.072;35.423;27.24;13.314;20.08;27.048;;;;;;
        293 Fabrication de machines agricoles;0.843;7.008;5.406;3.399;1.629;2.3;15.704;24.232;2.472;1.265;11.943;6.929;1.674;2.805;0.23;0.423;32.057;19.836;44.152;62.771;124.418;9.35;11.787;4.868;;;;;;
        294 Fabrication de machines-outils;0.264;;0.597;5.534;6.627;9.601;6.838;8.013;;;;0.18;1.216;0.444;0.847;1.498;0.99;2.79;0.917;0.991;2.792;3.931;1.515;0.67;;;;;;
        295 Fabrication d'autres machines d'usage spécifique;2.398;3.155;3.609;1.766;14.577;6.716;12.807;2.166;4.01;7.913;3.964;1.52;3.849;12.472;0.166;6.696;7.895;0.864;0.685;0.765;0.899;0.254;0.193;0.937;;;;;;
        297 Fabrication d'appareils domestiques;1.268;9.295;11.359;3.427;11.265;12.043;18.352;11.345;33.623;49.791;23.869;22.645;42.792;73.133;31.016;11.564;35.039;56.874;66.271;21.483;11.695;10.928;8.809;33.521;;;;;;
    30 Fabrication de machines de bureau et de matériel informatique;15.747;18.945;5.835;10.98;13.111;9.121;24.569;15.726;;;;0.044;;0.083;1.781;1.712;4.189;3.978;3.698;1.453;0.003;1.962;4.717;0.324;0.454;3.613;3.614;;;
        300 Fabrication de machines de bureau et de matériel informatique;15.747;18.945;5.835;10.98;13.111;9.121;24.569;15.726;;;;0.044;;0.083;1.781;1.712;4.189;3.978;3.698;1.453;0.003;1.962;4.717;0.324;;;;;;
    34 Industrie automobile;196.073;245.61;132.418;153.54;180.595;214.128;136.013;210.587;325.315;231.895;192.902;206.943;278.185;202.516;67.765;217.806;220.692;173.409;642.158;365.401;2425.276;5528.467;3461.74;508.412;405.807;465.144;610.024;;;
        341 Construction de véhicules automobiles;95.707;132.129;45.577;44.731;64.162;101.107;65.889;130.608;285.739;154.316;101.873;121.023;181.224;69.212;39.289;144.834;115.368;74.768;396.557;266.255;2350.779;5160.718;2890.918;135.575;;;;;;
        342 Fabrication de carrosserie et remorques;0.13;0.13;0.13;0.13;0.13;0.13;0.392;0.347;17.422;17.554;16.765;11.855;4.435;4.74;3.558;21.546;73.412;67.887;182.834;86.673;46.735;54.379;57.032;37.031;;;;;;
        343 Fabrication d'équipements automobiles;100.236;113.351;86.711;108.679;116.303;112.891;69.732;79.632;22.154;60.025;74.264;74.065;92.526;128.564;24.918;51.426;31.912;30.754;62.767;29.341;30.468;313.37;513.79;335.806;;;;;;
    35 Fabrication d'autres matériels de transport;29.646;44.514;26.47;17.644;16.916;14.65;12.818;14.222;13.525;17.298;10.539;34.208;44.389;26.489;15.884;55.785;83.604;94.418;201.235;280.319;199.165;161.837;144.056;215.914;139.44;221.897;274.263;;;
        351 Construction navale;11.477;7.99;9.773;7.679;4.465;6.552;2.594;3.484;5.642;8.157;5.141;31.208;38.538;18.135;10.482;5.807;16.109;8.424;14.253;10.407;2.033;2.311;1.543;0.768;;;;;;
        352 Construction de matériel ferroviaire roulant;1.655;31.367;1.742;1.049;1.099;1.099;;;0.549;;0.316;;1.488;2.265;0.14;;;7.061;13.919;11.664;9.896;12.696;10.238;10.375;;;;;;
        353 Construction aéronautique et spatiale;;;;;;;;;;;;;;;;39.014;61.003;76.354;167.966;248.688;182.517;143.549;125.005;199.297;;;;;;
        354 Fabrication de motocycles et de bicyclettes;16.431;4.583;12.168;7.993;9.35;6.956;10.183;10.724;7.064;8.9;4.292;2.898;4.206;6.089;5.259;10.961;6.492;2.579;4.981;9.412;4.621;3.281;7.27;5.474;;;;;;
        355 Matériels de transport n.c.a;0.083;0.574;2.787;0.923;2.002;0.043;0.041;0.014;0.27;0.241;0.79;0.102;0.157;;0.003;0.003;;;0.116;0.148;0.098;;;;;;;;;
    36 Fabrication de meubles, industries diverses;43.43;15.715;13.822;33.516;23.163;17.36;18.526;41.508;57.447;55.873;46.04;222.863;178.425;204.873;159.656;116.207;179.857;136.153;156.799;180.628;160.473;400.699;145.86;150.501;109.068;91.224;63.463;;;
        361 Fabrication de meubles;42.789;13.41;8.157;30.251;15.769;15.629;17.425;34.087;24.718;28.7;23.107;197.952;156.043;175.51;81.399;80.856;123.048;91.508;93.991;82.502;104.481;335.932;121.296;115.992;;;;;;
        362 Bijouterie;;;;;;;;;5.216;4.034;4.118;11.877;18.904;15.861;31.22;24.876;44.099;26.925;48.462;77.02;50.818;48.259;18.354;23.266;;;;;;
        363 Fabrication d'instruments de musique;;;;;;;;2.222;;;;;;;;;;;;;;;;;;;;;;
        364 Fabrication d'articles de sport;;;0.603;;;;;;0.697;0.675;6.27;0.064;0.068;;;0.268;0.075;0.022;0.354;0.206;0.087;;;0.027;;;;;;
        365 Fabrication de jeux et de jouets;;;;;0.149;0.149;;;0.377;1.756;1.424;;0.005;0.031;0.21;1.523;1.326;1.287;2.392;4.489;2.125;5.084;2.11;0.695;;;;;;
        366 Autres industries diverses;0.641;2.305;5.062;3.265;7.245;1.582;1.101;5.199;26.439;20.708;11.121;12.97;3.405;13.471;46.827;8.684;11.309;16.411;11.6;16.411;2.962;11.424;4.1;10.521;;;;;;
    37 Récupération;;;;;;;;;;;;;0.096;;0.095;0.095;0.095;;8.14;;0.264;1.26;;0.055;0.02;2.473;0.216;;;
        372 Récupération de matières non métalliques recyclable;;;;;;;;;;;;;0.096;;0.095;0.095;0.095;;8.14;;0.264;1.26;;0.055;;;;;;
5 Industrie électrique et électronique;160.0;175.0;151.0;203.0;260.0;289.0;338.0;391.0;476.0;484.0;592.0;832.0;796.0;503.0;492.0;754.0;1088.0;1172.0;1478.0;986.0;1275.0;1455.0;1396.0;1610.0;1204.0;1093.0;1908.0;2 247;2 324;2 771
    31 Fabrication de machines et appareils électriques;118.878;145.988;132.959;159.089;186.782;182.353;162.725;229.131;360.0;353.621;432.146;646.306;682.37;478.376;349.269;650.854;764.172;1086.55;1374.253;765.709;928.182;1099.946;1157.225;1441.87;1127.231;958.182;1696.999;;;
        311 Fabrication de moteurs, génératrices et transforma;17.13;18.175;17.222;29.378;34.335;32.533;23.578;21.074;35.115;10.175;16.137;17.688;22.273;8.251;6.482;3.377;4.453;9.949;20.121;14.175;14.546;20.554;12.091;14.321;;;;;;
        312 Fabrication de fils et câbles isoles;18.573;18.102;31.675;21.016;26.099;26.214;16.597;38.529;43.64;42.425;57.198;93.857;94.016;66.213;66.318;110.291;104.786;145.648;110.696;90.565;88.915;95.346;102.845;80.364;;;;;;
        313 Fabrication de matériel de distribution et de commande;62.82;102.182;52.204;50.959;77.271;57.673;71.277;96.41;125.786;92.336;139.722;123.993;53.446;82.686;30.076;57.121;115.506;109.937;65.46;132.322;86.789;103.747;81.406;65.992;;;;;;
        314 Fabrication d'accumulateurs et de piles électriques;9.077;3.108;11.005;30.509;18.068;18.356;28.413;26.205;29.509;16.008;25.43;3.415;15.999;22.818;22.212;4.839;1.267;3.149;89.286;34.479;29.385;30.196;10.225;5.057;;;;;;
        315 Fabrication de lampes et d'appareils d'émission et de transmission;10.941;3.435;19.751;25.849;28.828;45.437;19.925;43.717;30.637;17.547;13.223;6.818;6.223;14.146;4.028;13.28;10.195;10.924;19.542;20.227;14.91;9.192;13.048;5.543;;;;;;
        316 Fabrication d'autres matériels électriques;0.337;0.986;1.102;1.378;2.181;2.14;2.935;3.196;95.313;175.13;180.436;400.535;490.413;284.262;220.153;461.946;527.965;806.943;1069.148;473.941;693.637;840.911;937.61;1270.593;;;;;;
    32 Fabrication d'équipements de radio, télévision et communication;73.166;25.975;14.835;36.798;43.903;95.978;153.352;153.362;109.455;108.595;147.853;172.022;109.626;13.823;131.537;86.855;77.796;34.855;54.553;134.084;298.929;122.953;153.595;133.901;64.283;92.591;178.825;;;
        321 Fabrication de composants électroniques;13.847;6.113;7.594;23.657;33.921;94.222;143.539;143.462;107.761;107.477;147.803;166.591;102.684;13.693;131.487;65.426;66.497;24.714;48.097;129.318;298.092;121.356;151.601;132.157;;;;;;
        322 Fabrication d'appareils d'émission et de transmission;59.319;19.862;7.241;13.141;9.982;1.756;9.813;9.9;0.479;;;3.746;6.576;0.067;0.001;20.091;11.263;10.114;6.456;4.766;0.67;1.597;1.994;1.744;;;;;;
        323 Fabrication d'appareils de réception, enregistrements ou reproduction du son et de l'image;;;;;;;;;1.215;1.118;0.05;1.685;0.366;0.063;0.049;1.338;0.036;0.027;;;0.167;;;;;;;;;
    33 Fabrication d'instruments médicaux, de précision d'optique et horlogerie;2.918;2.576;3.517;7.026;26.926;7.885;19.44;5.974;6.585;22.065;12.262;13.676;3.949;10.485;11.444;15.795;246.154;50.761;49.617;86.24;48.052;232.299;85.578;33.783;12.769;42.141;31.804;;;
        331 Fabrication de matériel médico-chirurgical et d'orthopédie;1.768;2.07;2.883;5.004;1.218;0.654;0.195;0.165;1.52;1.842;2.448;1.099;0.875;1.194;3.157;0.293;0.981;2.861;2.381;1.161;2.674;0.677;2.42;3.899;;;;;;
        332 Fabrication d'instruments de mesure et de contrôle;;;;;;;0.167;;2.165;9.94;5.235;0.718;2.146;8.619;5.854;15.388;245.048;47.014;47.09;56.281;45.128;10.819;3.761;2.965;;;;;;
        333 Fabrication d'équipements de contrôle des processus industriels;;;;;;;;;;;;;;;;;;;;;;0.266;;;;;;;;
        334 Fabrication de matériel optique et photographique;1.15;0.316;0.562;1.433;25.708;7.231;19.078;4.889;2.059;9.425;4.579;11.859;0.928;0.672;2.433;0.114;0.125;0.886;0.146;28.798;0.25;220.537;79.397;26.919;;;;;;
        335 Horlogerie;;0.19;0.072;0.589;;;;0.92;0.841;0.858;;;;;;;;;;;;;;;;;;;;
Total General;6648.0;7803.0;8845.0;10111.0;7643.0;8001.0;8095.0;9446.0;9588.0;10320.0;11026.0;11224.0;10516.0;10533.0;11679.0;14029.0;17631.0;19284.0;25258.0;24068.0;23047.0;25641.0;23228.0;24550.0;31737.0;18207.0;17510.0;19 032;23 539;39 998
