;2004;2005;2006;2007;2008;2009;2010;2011;2012;2013
1 Industries Agro-alimentaires;;;;;;;;;;
    15 Industries alimentaires;31467.0;33947.0;32326.0;43109.0;43575.0;41764.0;48138.0;56010.0;57712.0;58770.0
        151 Industrie des viandes;728.0;1083.0;1138.0;1193.0;1418.0;1601.0;1987.0;2328.0;2407.0;2103.0
        152 Industrie du poisson;16708.0;17028.0;16291.0;25564.0;24450.0;21659.0;27914.0;33414.0;31588.0;33102.0
        153 Industrie des fruits et légumes;4437.0;4735.0;3947.0;4555.0;4402.0;5254.0;4491.0;5674.0;7829.0;8676.0
        154 Industrie des corps gras;829.0;984.0;1038.0;1149.0;1236.0;1337.0;1355.0;1282.0;1459.0;1362.0
        155 Industrie laitière;2361.0;3848.0;3188.0;3502.0;4110.0;3725.0;3360.0;3395.0;3423.0;1725.0
        156 Transformation des céréales, amidonnerie et fabrication;838.0;862.0;824.0;841.0;856.0;867.0;1154.0;1087.0;1137.0;1129.0
        157 Fabrication des farines et gruaux;2727.0;2969.0;3487.0;3357.0;3894.0;4360.0;4173.0;5289.0;6222.0;6303.0
        158 Autres industries alimentaires;1461.0;1557.0;1541.0;2110.0;2054.0;2123.0;3297.0;2750.0;3039.0;3830.0
        159 Industrie des boissons;1378.0;881.0;872.0;838.0;1155.0;838.0;407.0;791.0;608.0;540.0
    16 Industrie du tabac;107.0;170.0;170.0;104.0;113.0;99.0;99.0;99.0;182.0;182.0
        160 Industrie du tabac;107.0;170.0;170.0;104.0;113.0;99.0;99.0;99.0;182.0;182.0
2 Industries Textiles;;;;;;;;;;
    17 Industrie textile;18090.0;20003.0;20618.0;20025.0;17524.0;15287.0;16639.0;16142.0;14875.0;14359.0
        171 Filature;4146.0;4031.0;3289.0;3488.0;3109.0;2616.0;2793.0;2653.0;2036.0;2630.0
        172 Tissage;1836.0;1846.0;1980.0;2154.0;1276.0;1299.0;1397.0;1310.0;1307.0;851.0
        173 Ennoblissement textile;1686.0;2462.0;3205.0;2938.0;2811.0;2584.0;3188.0;3053.0;3038.0;3142.0
        174 Fabrication d'articles textiles;1612.0;2417.0;2777.0;2645.0;2631.0;1929.0;2008.0;2314.0;1864.0;1853.0
        175 Fabrication de tapis et autres industries textiles;2491.0;2912.0;3045.0;3162.0;2666.0;1917.0;1835.0;1498.0;1482.0;1394.0
        176 Fabrication d'étoffes a maille;689.0;611.0;682.0;697.0;641.0;625.0;613.0;608.0;635.0;521.0
        177 Fabrication d'articles à maille;5630.0;5724.0;5640.0;4941.0;4390.0;4317.0;4805.0;4706.0;4513.0;3968.0
    18 Industrie de l'habillement et des fourrures;132473.0;129100.0;131389.0;132745.0;122605.0;107319.0;120618.0;113886.0;96091.0;96003.0
        181 Fabrication de vêtements en cuir;488.0;245.0;458.0;331.0;460.0;197.0;169.0;179.0;197.0;147.0
        182 Fabrication de vêtements en textile;131985.0;128855.0;130931.0;132414.0;122145.0;107122.0;120449.0;113707.0;95894.0;95856.0
        183 Industrie des fourrures;;;;;;;;;;
    19 Industrie du cuir et de la chaussure;7529.0;7975.0;8549.0;8139.0;7666.0;7634.0;9708.0;9604.0;8265.0;8941.0
        191 Apprêt et tannage des cuirs;286.0;331.0;171.0;176.0;146.0;151.0;167.0;189.0;183.0;232.0
        192 Articles de voyage et de maroquinerie;510.0;561.0;660.0;631.0;465.0;547.0;781.0;743.0;644.0;551.0
        193 Chaussures;6733.0;7083.0;7718.0;7332.0;7055.0;6936.0;8760.0;8672.0;7438.0;8158.0
3 Industrie chimique et parachimique;;;;;;;;;;
    20 Travail du bois et fabrication d'articles en bois;716.0;643.0;562.0;639.0;701.0;622.0;595.0;622.0;1009.0;623.0
        201 Sciages, rabotage, imprégnation du bois;65.0;72.0;53.0;54.0;58.0;47.0;51.0;69.0;69.0;62.0
        202 Fabrication de panneaux de bois;117.0;26.0;26.0;41.0;52.0;63.0;22.0;70.0;70.0;33.0
        203 Fabrication de charpentes et de menuiseries;262.0;226.0;249.0;255.0;270.0;212.0;223.0;230.0;230.0;253.0
        204 Fabrication d'emballages en bois;34.0;37.0;35.0;45.0;34.0;46.0;63.0;65.0;320.0;52.0
        205 Fabrication d'objets divers en bois, liège ou vannerie;238.0;282.0;199.0;244.0;287.0;254.0;236.0;188.0;320.0;223.0
    21 Industrie du papier et du carton;830.0;913.0;850.0;880.0;754.0;742.0;797.0;769.0;927.0;733.0
        211 Pate a Papier, de papier et de carton;160.0;272.0;251.0;332.0;238.0;254.0;361.0;291.0;338.0;125.0
        212 Articles en papier ou en carton;670.0;641.0;599.0;548.0;516.0;488.0;436.0;478.0;589.0;608.0
    22 Edition, imprimerie, reproduction;1767.0;1827.0;1793.0;1874.0;1936.0;2153.0;2216.0;2093.0;2073.0;1968.0
        221 Edition;330.0;369.0;325.0;316.0;398.0;344.0;362.0;375.0;383.0;352.0
        222 Imprimerie;1437.0;1458.0;1468.0;1558.0;1538.0;1809.0;1854.0;1718.0;1690.0;1616.0
        223 Reproduction d'enregistrements;;;;;;;;;;
    23 Cokéfaction, raffinage, industries nucléaires;187.0;199.0;176.0;180.0;189.0;265.0;228.0;306.0;282.0;277.0
        231 Cokéfaction;5.0;5.0;15.0;17.0;17.0;18.0;3.0;1.0;1.0;1.0
        232 Raffinage de pétrole;182.0;194.0;161.0;163.0;172.0;247.0;225.0;305.0;281.0;276.0
    24 Industrie Chimique;8122.0;8789.0;9594.0;6203.0;6070.0;6569.0;7068.0;7473.0;7770.0;8034.0
        241 Industrie Chimique de base;510.0;519.0;486.0;477.0;480.0;609.0;628.0;676.0;661.0;738.0
        242 Produits Agro-chimiques;43.0;49.0;42.0;27.0;28.0;33.0;20.0;22.0;23.0;22.0
        243 Peintures et vernis;501.0;552.0;565.0;571.0;611.0;678.0;773.0;788.0;516.0;884.0
        244 Industrie Pharmaceutique;2822.0;2858.0;2899.0;3020.0;3312.0;3530.0;3583.0;3730.0;3946.0;4042.0
        245 Fabrication de savons, de parfums et de produits d'entretien;3552.0;3672.0;3880.0;1667.0;1186.0;1347.0;1596.0;1811.0;1964.0;1729.0
        246 Fabrication d'autres produits chimiques;281.0;260.0;1142.0;220.0;268.0;270.0;364.0;424.0;638.0;619.0
        247 Fabrication de fibres artificielles ou synthétique;413.0;879.0;580.0;221.0;185.0;102.0;104.0;22.0;22.0;
    25 Industrie du caoutchouc et des plastiques;3457.0;4198.0;3421.0;3527.0;3502.0;3493.0;3526.0;4175.0;4015.0;3884.0
        251 Industrie Du caoutchouc;106.0;136.0;150.0;92.0;92.0;249.0;222.0;725.0;450.0;449.0
        252 Transformation des matières plastiques;3351.0;4062.0;3271.0;3435.0;3410.0;3244.0;3304.0;3450.0;3565.0;3435.0
    26 Fabrication D'autres produits minéraux non métalliques;2825.0;3422.0;4257.0;2943.0;2992.0;2863.0;3087.0;2872.0;2701.0;2763.0
        261 Fabrication De verre et d'articles en verre;243.0;320.0;351.0;227.0;267.0;244.0;338.0;269.0;283.0;314.0
        262 Fabrication De produits céramiques;223.0;139.0;129.0;121.0;144.0;127.0;184.0;168.0;160.0;152.0
        263 Fabrication De carreaux en céramiques;1315.0;1771.0;2327.0;1211.0;1172.0;979.0;951.0;724.0;583.0;553.0
        264 Fabrication De tuiles et briques en terre cuite;93.0;98.0;216.0;117.0;123.0;146.0;174.0;129.0;117.0;113.0
        265 Fabrication De ciment, chaux et plâtre;166.0;143.0;248.0;272.0;254.0;273.0;300.0;288.0;260.0;311.0
        266 Ouvrages en Béton ou en plâtre;546.0;607.0;624.0;636.0;678.0;754.0;779.0;860.0;856.0;930.0
        267 Travail de la Pierre;174.0;196.0;241.0;252.0;235.0;191.0;216.0;214.0;217.0;214.0
        268 Fabrication De produits minéraux divers;65.0;148.0;121.0;107.0;119.0;149.0;145.0;220.0;225.0;176.0
4 Industrie mécanique et métallurgique;;;;;;;;;;
    27 Métallurgie;529.0;452.0;379.0;364.0;469.0;535.0;645.0;771.0;764.0;784.0
        271 Sidérurgie Et production de ferro-alliages;129.0;158.0;169.0;149.0;180.0;202.0;273.0;355.0;344.0;389.0
        272 Fabrication de tubes en fonte ou en acier;109.0;47.0;42.0;45.0;91.0;88.0;98.0;97.0;86.0;108.0
        273 Première transformation de l'acier;26.0;21.0;22.0;9.0;8.0;13.0;16.0;20.0;21.0;21.0
        274 Production de métaux non ferreux;247.0;210.0;124.0;121.0;138.0;163.0;198.0;241.0;236.0;208.0
        275 Fonderie;18.0;16.0;22.0;40.0;52.0;69.0;60.0;58.0;77.0;58.0
    28 Travail des métaux;2026.0;3815.0;2559.0;2278.0;2064.0;2145.0;2281.0;2337.0;2465.0;2625.0
        281 Fabrication d'éléments en métal pour la construction;653.0;717.0;725.0;741.0;762.0;821.0;856.0;1062.0;1055.0;1223.0
        282 Fabrication de réservoirs métalliques et de chaudières;98.0;98.0;105.0;93.0;69.0;72.0;66.0;71.0;160.0;74.0
        283 Chaudronnerie;12.0;7.0;7.0;12.0;10.0;15.0;10.0;9.0;6.0;4.0
        284 Forge, emboutissage, estampage, métallurgie des poudres;54.0;49.0;64.0;67.0;59.0;58.0;75.0;50.0;46.0;55.0
"        285 Traitement des métaux ; mécanique générale";331.0;319.0;311.0;261.0;285.0;325.0;276.0;310.0;300.0;302.0
        286 Fabrication de coutellerie, d'outillage et de quincailler;363.0;663.0;659.0;539.0;195.0;178.0;188.0;174.0;173.0;170.0
        287 Fabrication d'autres ouvrages en métaux;515.0;1962.0;688.0;565.0;684.0;676.0;810.0;661.0;725.0;797.0
    29 Fabrication de machines et équipements;808.0;974.0;1434.0;1272.0;1038.0;1115.0;1108.0;997.0;893.0;729.0
        291 Fabrication d'équipements mécaniques;180.0;144.0;231.0;250.0;259.0;305.0;289.0;301.0;270.0;157.0
        292 Fabrication de machines d'usage général;440.0;628.0;1015.0;828.0;556.0;583.0;522.0;441.0;409.0;348.0
        293 Fabrication de machines agricoles;14.0;16.0;15.0;15.0;49.0;44.0;61.0;43.0;36.0;39.0
        294 Fabrication de machines-outils;8.0;18.0;17.0;21.0;22.0;28.0;27.0;30.0;20.0;13.0
        295 Fabrication d'autres machines d'usage spécifique;30.0;36.0;30.0;37.0;30.0;26.0;27.0;22.0;15.0;19.0
        297 Fabrication d'appareils domestiques;136.0;132.0;126.0;121.0;122.0;129.0;182.0;160.0;143.0;153.0
    30 Fabrication de machines de bureau et de matériel informatique;29.0;36.0;42.0;34.0;50.0;58.0;29.0;19.0;15.0;17.0
        300 Fabrication de machines de bureau et de matériel informatique;29.0;36.0;42.0;34.0;50.0;58.0;29.0;19.0;15.0;17.0
    34 Industrie automobile;802.0;942.0;793.0;872.0;732.0;738.0;820.0;871.0;1211.0;2905.0
        341 Construction de véhicules automobiles;186.0;247.0;118.0;141.0;182.0;217.0;274.0;279.0;209.0;620.0
        342 Fabrication de carrosserie et remorques;164.0;156.0;183.0;203.0;159.0;129.0;182.0;190.0;229.0;234.0
        343 Fabrication d'équipements automobiles;452.0;539.0;492.0;528.0;391.0;392.0;364.0;402.0;773.0;2051.0
    35 Fabrication d'autres matériels de transport;690.0;710.0;784.0;903.0;1499.0;1441.0;1635.0;2038.0;2183.0;2130.0
        351 Construction navale;88.0;74.0;65.0;74.0;73.0;84.0;62.0;58.0;60.0;45.0
        352 Construction de matériel ferroviaire roulant;11.0;;;16.0;27.0;30.0;26.0;18.0;32.0;26.0
        353 Construction aéronautique et spatiale;466.0;549.0;653.0;746.0;1331.0;1261.0;1488.0;1901.0;2030.0;2001.0
        354 Fabrication de motocycles et de bicyclettes;125.0;87.0;66.0;67.0;68.0;66.0;59.0;61.0;60.0;57.0
        355 Matériels de transport n.c.a;0.0;0.0;0.0;0.0;0.0;0.0;0.0;0.0;1.0;1.0
    36 Fabrication de meubles, industries diverses;1650.0;1803.0;1930.0;2084.0;1780.0;1812.0;1860.0;1817.0;1977.0;2398.0
        361 Fabrication de meubles;905.0;956.0;994.0;1075.0;856.0;1089.0;1137.0;1162.0;1279.0;1605.0
        362 Bijouterie;272.0;300.0;459.0;483.0;475.0;401.0;416.0;322.0;319.0;366.0
        363 Fabrication d'instruments de musique;;;;;;;;;;
        364 Fabrication d'articles de sport;1.0;1.0;5.0;2.0;4.0;2.0;1.0;0.0;0.0;0.0
        365 Fabrication de jeux et de jouets;16.0;87.0;68.0;67.0;53.0;47.0;49.0;52.0;79.0;95.0
        366 Autres industries diverses;456.0;459.0;404.0;457.0;392.0;273.0;257.0;281.0;300.0;332.0
    37 Récupération;34.0;35.0;21.0;22.0;32.0;26.0;1.0;35.0;45.0;12.0
        372 Récupération de matières non métalliques recyclable;34.0;35.0;21.0;22.0;32.0;26.0;1.0;35.0;45.0;12.0
5 Industrie électrique et électronique;;;;;;;;;;
    31 Fabrication de machines et appareils électriques;12343.0;13279.0;16262.0;23510.0;24174.0;21808.0;33954.0;37225.0;29408.0;29773.0
        311 Fabrication de moteurs, génératrices et transforma;324.0;314.0;332.0;307.0;233.0;221.0;682.0;573.0;293.0;253.0
        312 Fabrication de fils et câbles isoles;1449.0;1872.0;1488.0;2571.0;2535.0;2061.0;1371.0;1331.0;1343.0;1607.0
        313 Fabrication de matériel de distribution et de commande;89.0;255.0;244.0;249.0;220.0;317.0;290.0;187.0;257.0;298.0
        314 Fabrication d'accumulateurs et de piles électriques;249.0;226.0;194.0;223.0;236.0;231.0;214.0;229.0;166.0;174.0
        315 Fabrication de lampes et d'appareils d'émission et de transmission;168.0;169.0;165.0;182.0;186.0;333.0;335.0;338.0;361.0;228.0
        316 Fabrication d'autres matériels électriques;10064.0;10443.0;13839.0;19978.0;20764.0;18645.0;31062.0;34567.0;26988.0;27213.0
    32 Fabrication d'équipements de radio, télévision et communication;4438.0;4019.0;3967.0;3829.0;3882.0;2668.0;2901.0;3390.0;3289.0;3370.0
        321 Fabrication de composants électroniques;4346.0;3929.0;3879.0;3738.0;3797.0;2582.0;2847.0;3342.0;3241.0;3262.0
        322 Fabrication d'appareils d'émission et de transmission;87.0;89.0;86.0;88.0;84.0;84.0;51.0;48.0;48.0;108.0
        323 Fabrication d'appareils de réception, enregistrements ou reproduction du son et de l'image;5.0;1.0;2.0;3.0;1.0;2.0;3.0;;;
    33 Fabrication d'instruments médicaux, de précision d'optique et horlogerie;241.0;243.0;407.0;304.0;336.0;1518.0;387.0;2523.0;2531.0;1793.0
        331 Fabrication de matériel médico-chirurgical et d'orthopédie;77.0;65.0;64.0;59.0;61.0;64.0;86.0;84.0;85.0;120.0
        332 Fabrication d'instruments de mesure et de contrôle;143.0;157.0;317.0;226.0;263.0;287.0;291.0;234.0;223.0;172.0
        333 Fabrication d'équipements de contrôle des processus industriels;;;;;;;;1.0;1.0;1.0
        334 Fabrication de matériel optique et photographique;21.0;21.0;26.0;19.0;12.0;1167.0;10.0;2204.0;2222.0;1500.0
        335 Horlogerie;;;;;;;;;;
Total General;231160.0;237494.0;242283.0;255840.0;243683.0;222674.0;258340.0;266074.0;240683.0;243073.0
