;1990;1991;1992;1993;1994;1995;1996;1997;1998;1999;2000;2001;2002;2003;2004;2005;2006;2007;2008;2009;2010;2011;2012;2013;2014;2015;2016;2017;2018;2019;2020
1 Industries Agro-alimentaires;31460.0;34755.0;37059.0;39839.0;42210.0;44576.0;47701.0;50832.0;53010.0;52602.0;57482.0;55998.0;59488.0;61794.0;61979.0;65062.0;70190.0;78937.0;87230.0;87646.0;94977.0;101435.0;106299.0;107145.0;106140.0;103754.0;107179.0;106157.0;105586.0;155081.0;156495.0
    15 Industries alimentaires;27934.15;31419.654;33278.426;36138.222;38076.643;39822.218;43355.863;46152.108;46041.797;47363.414;50149.781;49930.64;53382.16;56874.061;56593.963;60150.624;62835.304;71558.883;81448.791;79365.239;86742.316;90458.697;95152.068;96703.572;95907.251;94510.289;100115.513;;;;
        151 Industrie des viandes;60.636;32.869;32.511;29.386;31.839;54.203;77.837;74.33;82.406;100.78;160.472;193.406;413.782;551.106;856.21;1483.712;1667.425;1832.473;1992.786;2647.315;2865.875;3106.811;3292.364;3250.085;;;;;;;
        152 Industrie du poisson;2029.129;2651.35;2927.648;2968.909;3106.941;3047.69;3133.912;3593.29;4496.413;4630.612;5741.884;6921.262;7367.808;7447.651;7423.494;7377.729;8223.135;9123.138;9761.371;9250.856;9409.309;10004.281;11298.734;11587.581;;;;;;;
        153 Industrie des fruits et légumes;2967.983;3420.281;2615.771;2035.417;2540.609;3026.872;2899.232;2935.032;3202.14;2730.766;2537.979;2201.4;2735.372;2799.718;2691.893;2562.622;2480.378;2952.836;3133.843;2894.819;3189.163;3701.036;3796.95;4341.215;;;;;;;
        154 Industrie des corps gras;3982.652;3912.95;4059.783;4255.101;5103.622;5165.949;5038.06;6859.139;5226.65;5538.621;5394.709;4865.094;5669.17;6949.48;7719.568;7844.876;8152.903;8548.0;10010.456;9781.675;9168.537;10258.88;10188.558;9704.16;;;;;;;
        155 Industrie laitière;2172.415;2191.838;2510.124;3182.418;3385.928;4155.768;4950.581;4505.282;4481.053;5564.945;5781.707;5962.036;6604.768;7319.916;7786.077;8758.628;9074.623;9612.936;11567.362;12807.22;13569.2;14563.318;15513.655;15677.004;;;;;;;
        156 Transformation des céréales, amidonnerie et fabrication;6235.18;7458.217;8332.969;10060.731;9744.206;10887.456;11597.592;12553.417;13836.971;14698.689;14848.653;14246.58;15322.804;14978.724;14478.434;16376.315;16825.918;19861.336;22378.967;20837.254;23831.333;25556.599;27257.291;27654.742;;;;;;;
        157 Fabrication des farines et gruaux;881.323;1028.489;1112.412;1248.074;1416.551;1471.44;2117.091;1965.342;1756.939;1882.244;1852.937;1868.551;1954.875;2233.774;2321.776;2378.921;2471.233;2438.822;3150.348;3619.322;3602.03;3947.582;4244.067;4347.298;;;;;;;
        158 Autres industries alimentaires;7149.493;7755.379;8134.84;8601.89;8759.044;7851.562;9000.577;9130.062;8534.776;7580.891;8321.308;8361.131;7800.719;8577.203;7487.19;7264.096;7788.678;10657.125;12333.59;9828.759;12918.688;10201.452;10219.086;10762.342;;;;;;;
        159 Industrie des boissons;2455.339;2968.281;3545.284;3748.787;3955.208;4126.758;4504.725;4496.666;4381.595;4591.111;5463.835;5261.921;5454.436;5954.176;5762.76;6037.497;6195.947;6695.132;7308.075;7851.675;8784.785;9118.738;9341.363;9379.145;;;;;;;
    16 Industrie du tabac;3525.495;3335.135;3780.393;3700.697;4133.832;4753.907;4345.071;5400.534;6968.233;5238.407;7331.844;6067.234;6105.5;4920.341;5384.869;4911.357;7354.512;7378.326;5781.573;8280.584;8234.851;10976.488;11147.361;10441.161;10232.338;9243.276;7063.098;;;;
        160 Industrie du tabac;3525.495;3335.135;3780.393;3700.697;4133.832;4753.907;4345.071;5400.534;6968.233;5238.407;7331.844;6067.234;6105.5;4920.341;5384.869;4911.357;7354.512;7378.326;5781.573;8280.584;8234.851;10976.488;11147.361;10441.161;;;;;;;
2 Industries Textiles;17700.0;19904.0;20819.0;21088.0;22337.0;23004.0;24218.0;25414.0;26342.0;26087.0;25075.0;25871.0;27148.0;27714.0;26982.0;26523.0;27471.0;29585.0;29565.0;25132.0;25937.0;26529.0;25999.0;24398.0;24086.0;23775.0;25929.0;25880.0;26129.0;55697.0;70442.0
    17 Industrie textile;10326.825;12109.313;12229.554;12354.939;13132.369;13167.647;13307.634;13711.068;10573.736;9781.731;8640.318;9439.874;9905.76;9950.331;9358.165;9186.694;9343.815;10417.695;10825.01;8814.937;8760.348;9065.973;8316.946;8065.831;7827.077;7768.628;8259.734;;;;
        171 Filature;4372.664;4922.649;5302.925;5230.702;5596.631;6401.395;6052.718;5738.862;2808.6;3138.689;2411.404;2659.789;2542.455;2531.167;2682.639;2590.915;2291.232;2421.642;2587.638;2230.108;2313.765;2268.922;1945.638;2072.832;;;;;;;
        172 Tissage;3526.745;3760.002;3683.148;3882.845;4326.003;3639.546;3791.008;4232.417;3326.371;2700.457;2241.694;3087.658;3656.955;3526.305;2765.006;2643.998;2607.48;2651.504;2762.428;2471.994;2226.353;2622.43;2288.938;1959.252;;;;;;;
        173 Ennoblissement textile;322.55;404.682;701.267;638.231;630.378;755.934;1080.337;876.53;752.194;705.798;615.517;680.74;749.175;834.529;990.536;1092.182;1158.586;1386.929;1447.853;1237.576;974.169;1021.877;1072.391;1063.014;;;;;;;
        174 Fabrication d'articles textiles;467.283;566.713;713.272;637.303;575.6;678.133;768.063;838.603;767.642;745.856;738.711;566.987;602.047;751.248;849.336;916.728;1016.904;1221.261;1289.805;1029.736;1355.856;1313.222;1388.509;1361.176;;;;;;;
        175 Fabrication de tapis et autres industries textiles;625.858;808.741;695.211;852.426;832.023;725.446;726.829;792.046;985.343;932.809;975.802;777.456;743.648;750.082;833.599;791.839;1130.126;1535.183;1589.763;851.633;744.52;704.35;647.503;675.217;;;;;;;
        176 Fabrication d'étoffes a maille;798.913;1350.016;845.343;1000.369;1078.864;872.782;779.882;1099.003;674.538;394.884;302.385;291.487;196.695;204.958;121.37;90.813;107.427;120.109;108.0;103.833;129.226;127.865;118.778;123.34;;;;;;;
        177 Fabrication d'articles à maille;212.812;296.51;288.388;113.063;92.87;94.411;108.797;133.607;1259.048;1163.238;1354.805;1375.757;1414.785;1352.042;1108.493;1053.406;1025.381;1074.283;1026.428;876.458;989.308;1007.307;855.189;811.0;;;;;;;
    18 Industrie de l'habillement et des fourrures;5418.493;5780.441;6714.25;6845.386;7170.983;7772.461;8626.938;9396.635;13329.988;14031.945;14215.331;14294.373;14938.951;15339.878;15370.236;15040.034;15722.111;16575.663;16195.865;13633.523;14201.025;14109.047;14569.106;13392.992;13486.092;13354.861;15195.903;;;;
        181 Fabrication de vêtements en cuir;348.443;282.476;326.264;325.31;316.999;292.575;284.438;279.715;160.952;146.936;159.172;188.467;159.652;175.67;171.021;141.367;137.404;111.276;111.691;97.64;110.005;232.066;158.805;104.806;;;;;;;
        182 Fabrication de vêtements en textile;5070.05;5497.965;6387.986;6520.076;6853.984;7479.886;8342.5;9116.042;13168.089;13883.665;14054.744;14104.336;14777.738;15162.696;15177.217;14876.741;15563.246;16441.951;16055.07;13507.457;14019.564;13876.981;14410.301;13288.186;;;;;;;
        183 Industrie des fourrures;;;;;;;;;;;;0.136;0.108;;;;;;;;;;;;;;;;;;
    19 Industrie du cuir et de la chaussure;1954.989;2014.037;1875.409;1887.437;2033.229;2063.775;2283.454;2385.692;2438.241;2273.478;2219.199;2136.285;2303.766;2423.864;2253.718;2296.091;2405.288;2591.42;2543.842;2683.387;2975.936;3353.983;3113.408;2939.219;2772.624;2651.967;2473.078;;;;
        191 Apprêt et tannage des cuirs;714.566;632.16;593.001;596.102;687.33;663.005;936.97;810.072;653.856;527.562;718.826;459.599;538.579;553.995;372.881;397.589;387.833;378.688;373.467;413.079;447.609;624.833;599.64;521.632;;;;;;;
        192 Articles de voyage et de maroquinerie;146.502;138.584;177.781;154.203;137.895;155.116;126.525;156.885;170.78;154.631;162.222;189.553;174.961;164.616;147.607;148.171;178.316;173.611;146.726;145.357;160.993;143.8;154.875;166.476;;;;;;;
        193 Chaussures;1093.921;1243.293;1104.627;1137.132;1208.004;1245.654;1219.959;1418.735;1613.605;1591.285;1338.151;1487.133;1590.226;1705.253;1733.23;1750.331;1839.139;2039.121;2023.099;2123.438;2364.022;2585.35;2358.893;2251.111;;;;;;;
3 Industrie chimique et parachimique;45682.0;47354.0;50041.0;52192.0;53809.0;55922.0;57133.0;62256.0;61400.0;62445.0;62032.0;64169.0;67271.0;64087.0;71706.0;86461.0;101063.0;110733.0;137078.0;102868.0;139832.0;174134.0;175974.0;164931.0;159020.0;132065.0;115719.0;118860.0;136583.0;189031.0;163724.0
    20 Travail du bois et fabrication d'articles en bois;2316.038;1963.022;2066.019;2177.504;2382.554;1878.827;2112.83;2305.435;2419.589;2395.619;2837.629;2986.458;3172.694;3220.782;3303.844;3416.283;3406.553;3700.058;3600.048;3109.27;3201.111;3248.273;2998.096;2649.837;2793.611;2501.447;2896.527;;;;
        201 Sciages, rabotage, imprégnation du bois;407.848;254.916;314.617;329.933;329.378;192.466;200.399;339.735;369.466;396.661;681.398;810.532;801.371;899.031;839.881;920.291;539.591;583.592;625.374;515.152;454.827;426.374;322.851;328.147;;;;;;;
        202 Fabrication de panneaux de bois;567.814;434.01;454.818;687.788;832.327;670.366;721.03;742.184;693.553;670.878;666.489;765.652;755.158;709.847;799.777;738.84;793.336;907.558;845.909;502.04;654.172;857.351;707.304;323.616;;;;;;;
        203 Fabrication de charpentes et de menuiseries;593.895;440.681;429.228;476.969;501.732;509.083;580.847;597.411;636.037;647.379;638.814;652.76;890.602;850.711;867.467;975.85;1141.109;1231.874;1245.83;1194.525;1230.216;1245.002;1134.602;1245.449;;;;;;;
        204 Fabrication d'emballages en bois;443.223;514.088;536.763;397.971;445.332;327.828;449.344;421.216;481.644;395.528;464.089;402.736;439.968;457.988;459.199;483.592;628.587;673.335;587.15;575.023;596.35;505.551;632.205;561.17;;;;;;;
        205 Fabrication d'objets divers en bois, liège ou vannerie;303.258;319.327;330.593;277.109;265.663;170.196;154.015;196.81;230.11;275.922;377.681;343.923;263.624;279.902;313.937;273.495;278.943;264.089;247.756;275.58;223.838;213.995;201.134;191.455;;;;;;;
    21 Industrie du papier et du carton;3389.833;3441.011;3703.854;3840.375;3963.511;4357.466;4332.689;4687.868;4170.722;4915.174;4588.154;6147.113;6200.174;4011.409;3676.588;3646.751;3778.687;4153.286;3983.93;3774.947;4680.464;4917.995;6294.455;5726.04;5916.728;6049.227;6117.613;;;;
        211 Pate a Papier, de papier et de carton;1635.951;1589.992;1824.231;1792.013;1934.793;2215.291;2022.039;2229.673;1846.807;2226.395;1757.387;1739.352;1490.956;1199.437;1074.7;1063.839;1241.308;2655.363;1074.611;982.953;1643.311;1402.701;2176.203;1234.55;;;;;;;
        212 Articles en papier ou en carton;1753.882;1851.019;1879.623;2048.362;2028.718;2142.175;2310.65;2458.195;2323.915;2688.779;2830.767;4407.761;4709.218;2811.972;2601.888;2582.912;2537.379;1497.923;2909.319;2791.994;3037.153;3515.294;4118.252;4491.49;;;;;;;
    22 Edition, imprimerie, reproduction;1088.993;1295.543;1464.548;1511.544;1632.83;1656.797;1804.847;2266.42;2042.109;2018.934;2096.792;2172.31;2395.689;2664.152;2608.362;2764.431;2893.14;3110.783;3087.448;3312.995;3427.881;3306.407;3162.979;3272.756;3303.849;3259.046;3859.906;;;;
        221 Edition;4.813;5.31;6.343;7.15;7.342;7.907;8.071;8.713;344.465;400.115;366.212;475.137;343.807;433.706;402.574;405.432;377.808;379.582;413.934;558.106;562.642;517.064;457.063;485.758;;;;;;;
        222 Imprimerie;1068.153;1272.618;1437.226;1480.696;1601.062;1622.634;1769.916;2228.51;1660.731;1585.598;1697.273;1654.06;2016.379;2190.835;2161.777;2316.466;2466.913;2680.599;2618.52;2700.199;2805.102;2789.343;2705.916;2786.998;;;;;;;
        223 Reproduction d'enregistrements;;;;;;;;;;;;8.5;;;;;;;;;;;;;;;;;;;
    23 Cokéfaction, raffinage, industries nucléaires;12787.961;12787.961;14071.278;14071.278;14071.278;14082.262;14083.416;15591.85;15904.928;15771.133;15276.857;16473.142;17939.593;12962.194;19831.962;27883.235;31589.413;29973.318;33884.255;20764.389;35724.873;53390.201;57905.83;51052.369;42571.915;3987.972;1663.991;;;;
        231 Cokéfaction;;;;;;;;;;0.039;5.028;;;130.317;150.012;166.407;98.182;77.273;152.944;223.496;59.662;66.78;93.404;89.18;;;;;;;
        232 Raffinage de pétrole;12787.961;12787.961;14071.278;14071.278;14071.278;14082.262;14083.416;15591.85;15904.928;15771.094;15271.829;16473.142;17939.593;12831.877;19681.95;27716.828;31491.231;29896.045;33709.721;20516.501;35592.468;53323.421;57812.426;50963.189;;;;;;;
    24 Industrie Chimique;16634.683;17766.27;17851.058;19141.985;20119.562;21877.241;21193.842;24559.571;22849.357;22556.661;21420.15;20396.74;21188.32;23641.036;24555.807;28121.511;29294.221;33690.58;55447.325;33603.219;54239.108;66445.83;62769.886;57405.873;58205.768;68980.623;60163.541;;;;
        241 Industrie Chimique de base;11009.01;11750.753;11507.115;11785.864;12398.775;14362.02;13473.119;16032.085;13774.71;14115.84;13189.008;12450.257;12537.299;12692.305;13161.822;16144.62;16914.008;20284.854;40287.807;16365.291;34881.967;47911.807;44293.036;37798.359;;;;;;;
        242 Produits Agro-chimiques;181.788;182.795;165.551;224.277;210.626;219.18;244.377;206.478;157.38;188.476;267.114;93.087;98.135;98.157;81.325;122.042;128.847;150.88;125.087;130.151;110.389;106.401;106.499;108.496;;;;;;;
        243 Peintures et vernis;1140.412;1301.366;1441.696;1576.545;1577.876;1574.688;1573.956;1837.084;1941.102;1860.22;1800.369;1585.005;1676.236;1864.857;2327.151;2292.937;2462.609;2680.477;3094.66;4046.941;4906.814;4838.608;4641.003;4796.967;;;;;;;
        244 Industrie Pharmaceutique;2069.552;2201.249;2492.285;3153.755;3149.587;2740.377;2788.888;2857.861;3397.659;2945.024;2775.603;3705.779;4265.647;4430.996;4639.375;5173.375;5126.604;5554.354;6833.531;7284.702;8528.084;7357.229;7992.641;9090.194;;;;;;;
        245 Fabrication de savons, de parfums et de produits d'entretien;1516.825;1641.772;1497.353;1624.578;1895.824;2061.91;2217.161;2653.356;2811.266;2756.182;2810.08;1579.986;1685.634;3478.985;3527.331;3499.112;3608.582;4004.838;4490.43;4448.518;4516.659;4828.866;4279.714;4185.563;;;;;;;
        246 Fabrication d'autres produits chimiques;717.096;688.335;747.058;776.966;886.874;919.066;896.341;972.707;767.24;689.381;576.247;980.863;923.586;1041.6;785.595;854.391;1031.694;989.141;1113.587;1303.328;1269.097;1392.658;1448.248;1426.294;;;;;;;
        247 Fabrication de fibres artificielles ou synthétique;;;;;;;;;;1.538;1.508;1.553;1.583;31.659;30.422;32.129;18.563;21.044;20.075;14.75;15.395;10.261;8.745;;;;;;;;
    25 Industrie du caoutchouc et des plastiques;2358.413;2649.328;2644.486;2753.741;2790.592;3085.94;3706.483;4281.232;4265.302;4301.118;4680.685;4267.537;4693.389;4245.243;4430.937;4986.865;5627.188;6928.402;7709.72;7652.185;7021.619;8641.661;9307.263;9640.638;9743.587;9936.153;9217.144;;;;
        251 Industrie Du caoutchouc;982.675;1049.303;837.125;947.889;844.261;999.082;1197.841;1443.584;1128.477;1041.005;924.718;582.046;661.516;543.881;214.796;258.668;527.922;236.254;232.574;240.759;197.911;302.346;375.242;394.353;;;;;;;
        252 Transformation des matières plastiques;1375.738;1600.025;1807.361;1805.852;1946.331;2086.858;2494.796;2821.141;3117.951;3241.318;3736.775;3664.601;4013.026;3680.57;4195.865;4708.667;5076.144;6665.031;7443.122;7343.244;6758.601;8339.315;8932.021;9246.285;;;;;;;
    26 Fabrication D'autres produits minéraux non métalliques;7106.39;7451.103;8239.656;8695.163;8848.646;8983.015;9899.318;10816.154;9747.643;10486.311;11131.569;11725.437;11681.567;13341.803;13298.815;15641.542;24473.757;29176.688;29365.652;30651.152;31536.664;34184.113;33535.565;35183.45;36484.342;37350.41;31800.585;;;;
        261 Fabrication De verre et d'articles en verre;453.898;455.982;393.187;390.018;382.462;417.091;389.51;367.942;437.851;375.02;485.643;566.344;574.446;575.145;601.136;605.518;692.081;689.559;776.121;816.983;961.211;971.098;1070.849;1052.756;;;;;;;
        262 Fabrication De produits céramiques;769.281;782.491;863.682;1072.329;1059.042;1315.953;1444.557;1545.223;403.651;464.795;428.753;468.29;515.336;726.414;782.364;553.029;605.867;708.538;677.404;508.02;1250.583;1286.571;1389.583;1281.6;;;;;;;
        263 Fabrication De carreaux en céramiques;;;;;;;;0.873;1040.91;1052.408;1143.457;1499.819;1541.022;1347.647;1337.547;2076.103;2870.485;2409.917;2770.121;2584.11;2614.872;2485.261;2493.695;2472.562;;;;;;;
        264 Fabrication De tuiles et briques en terre cuite;448.252;475.943;542.354;598.155;579.318;576.104;584.395;685.715;530.466;570.064;588.964;532.362;608.378;711.592;740.636;830.003;945.199;1184.656;1476.311;1743.95;1639.574;1771.941;1755.358;1529.114;;;;;;;
        265 Fabrication De ciment, chaux et plâtre;3499.217;3747.313;4315.015;4087.622;4268.715;4305.276;4295.305;4792.747;3692.14;4968.678;5539.464;5777.08;5106.014;6214.45;5968.496;6059.495;10714.001;12375.842;12943.528;14029.802;14487.531;15849.302;15446.448;16985.786;;;;;;;
        266 Ouvrages en Béton ou en plâtre;1219.309;1313.784;1430.325;1751.447;1958.077;1948.595;2736.02;2854.33;3083.744;2610.492;2491.434;2263.189;2772.268;3008.668;3112.135;4770.613;5783.842;7411.576;8173.389;8506.055;8198.046;9101.85;8708.069;9198.186;;;;;;;
        267 Travail de la Pierre;527.733;441.023;425.214;512.117;289.852;281.641;285.151;331.773;300.598;301.955;307.786;417.47;443.068;442.361;473.861;518.242;2588.32;2714.147;639.219;627.134;608.332;668.956;588.738;536.672;;;;;;;
        268 Fabrication De produits minéraux divers;188.7;234.567;269.879;283.475;311.18;138.355;163.787;236.903;257.547;142.261;145.382;200.154;108.265;302.883;268.068;213.078;255.621;1650.496;1964.285;1843.097;1731.472;2049.134;2082.825;2126.774;;;;;;;
4 Industrie mécanique et métallurgique;14927.0;17013.0;17667.0;16663.0;18345.0;19840.0;19669.0;19185.0;20407.0;20186.0;19849.0;21298.0;22428.0;25024.0;25207.0;30789.0;35318.0;41790.0;49064.0;44965.0;49029.0;57395.0;56745.0;66429.0;71666.0;78127.0;85239.0;91448.0;98926.0;177884.0;151538.0
    27 Métallurgie;2528.035;2375.502;2465.721;2436.366;2598.905;2831.186;2973.42;3309.646;4701.774;4621.754;5329.471;5306.188;5941.159;7631.961;7800.193;10080.924;12373.852;14389.702;17077.008;14540.908;17600.017;21974.847;19308.043;16999.139;15703.517;15018.198;16563.775;;;;
        271 Sidérurgie Et production de ferro-alliages;;;;;;;;;3512.608;3045.906;3208.44;3561.844;4102.38;5790.795;5791.148;7747.951;9564.207;10777.394;13389.946;11157.398;12762.757;16683.338;14495.136;13084.433;;;;;;;
        272 Fabrication de tubes en fonte ou en acier;15.112;18.608;5.321;2.039;2.039;4.25;4.446;4.683;457.87;1004.894;1338.78;714.639;428.978;552.036;641.631;800.659;860.29;938.08;1249.814;1046.028;1522.211;1180.857;1280.726;1341.552;;;;;;;
        273 Première transformation de l'acier;1893.669;1697.874;1779.246;1754.388;1994.334;2239.865;2206.081;2461.737;23.602;33.576;72.043;159.927;284.032;217.871;181.616;76.235;90.972;97.744;109.847;256.68;226.127;273.625;260.335;225.093;;;;;;;
        274 Production de métaux non ferreux;125.648;170.596;196.458;193.853;205.981;179.402;225.063;205.09;706.51;534.938;680.884;773.778;1055.597;987.598;1101.507;1368.184;1653.276;2269.166;2001.644;1617.14;2537.08;3434.092;1890.911;1384.525;;;;;;;
        275 Fonderie;493.606;488.424;484.696;486.086;396.551;407.669;537.83;638.136;1.184;2.44;28.719;95.303;69.445;82.887;83.345;86.874;203.8;303.702;321.534;458.565;543.587;402.935;1380.935;963.536;;;;;;;
    28 Travail des métaux;5482.476;6410.551;7108.33;7041.368;7425.708;8297.411;7549.428;8224.451;6434.643;6177.512;5735.0;6263.068;6496.758;7411.366;8182.304;10081.804;11293.194;12685.558;14439.182;13205.819;13871.841;16054.094;15797.987;15544.137;15188.017;15340.465;16729.3;;;;
        281 Fabrication d'éléments en métal pour la construction;867.29;1334.504;1583.221;1806.32;1524.904;1552.36;1218.323;1420.924;1678.414;1828.181;1775.141;2393.791;2433.514;2804.712;3280.124;3939.472;4465.523;5308.129;5737.636;5686.48;5439.473;6659.436;7314.831;7213.062;;;;;;;
        282 Fabrication de réservoirs métalliques et de chaudières;;;;;;;;;805.657;952.566;886.886;580.053;513.866;547.378;611.196;755.363;707.733;706.957;654.61;645.814;735.996;656.326;800.436;792.062;;;;;;;
        283 Chaudronnerie;1042.374;1025.533;1214.126;1147.41;1566.751;2108.353;1998.53;1875.195;89.775;65.465;64.678;68.978;35.793;10.23;14.975;105.172;17.405;17.011;16.446;51.348;56.674;65.286;13.199;14.338;;;;;;;
        284 Forge, emboutissage, estampage, métallurgie des poudres;;;;;0.347;0.36;1.062;1.065;186.643;328.729;97.119;99.979;101.839;432.502;385.191;495.619;534.479;659.712;850.887;689.549;537.404;653.624;523.94;879.51;;;;;;;
"        285 Traitement des métaux ; mécanique générale";128.714;137.305;84.038;127.736;134.581;117.875;108.937;114.75;1075.054;511.053;427.443;922.441;1260.555;1544.76;1403.537;2362.811;2804.072;758.038;781.46;821.589;815.854;850.606;832.634;753.161;;;;;;;
        286 Fabrication de coutellerie, d'outillage et de quincailler;547.09;647.088;637.372;783.978;622.452;547.75;542.597;688.924;247.928;222.397;266.91;263.226;260.557;265.184;259.38;424.768;421.435;429.708;204.732;181.816;164.851;208.744;201.076;218.162;;;;;;;
        287 Fabrication d'autres ouvrages en métaux;2897.008;3266.121;3589.573;3175.924;3576.673;3970.713;3679.492;4123.143;2350.682;2268.646;2179.877;1896.909;1849.782;1760.621;2176.805;1932.719;2253.843;4706.93;6075.275;4925.13;5932.945;6960.072;6111.871;5673.842;;;;;;;
    29 Fabrication de machines et équipements;1717.17;1798.896;1747.882;1789.144;2161.077;2026.569;1985.367;1905.797;1670.768;1582.055;1567.718;1495.244;1976.798;1877.981;1638.274;1941.798;1986.619;2503.033;2513.497;2483.23;2305.2;2580.837;2471.842;2358.184;2345.44;2002.949;1888.386;;;;
        291 Fabrication d'équipements mécaniques;579.832;655.827;628.53;777.854;759.368;722.422;589.028;656.108;360.84;353.685;302.542;473.866;529.858;443.053;295.945;392.805;422.757;447.683;514.402;520.579;499.325;479.548;464.643;380.921;;;;;;;
        292 Fabrication de machines d'usage général;709.091;635.54;603.255;537.287;690.247;593.245;573.939;492.778;307.491;301.308;381.219;335.118;411.91;436.485;472.09;680.221;684.786;731.46;800.484;866.459;849.464;872.912;894.781;932.148;;;;;;;
        293 Fabrication de machines agricoles;155.507;161.802;196.788;168.149;164.956;165.298;319.853;337.051;265.511;73.949;90.688;57.366;65.913;56.32;60.903;78.442;72.646;101.702;344.582;324.462;252.522;523.478;445.453;452.654;;;;;;;
        294 Fabrication de machines-outils;31.933;28.778;28.121;45.242;53.736;32.702;22.1;18.612;18.21;13.338;0.466;9.882;22.429;19.205;44.936;40.1;35.348;45.438;47.775;50.109;41.557;80.551;64.039;72.843;;;;;;;
        295 Fabrication d'autres machines d'usage spécifique;76.309;120.1;138.066;95.197;100.366;110.624;97.113;79.68;165.949;169.202;62.111;54.868;59.506;59.289;71.387;52.33;64.037;77.366;78.286;72.082;46.286;42.08;27.048;34.27;;;;;;;
        297 Fabrication d'appareils domestiques;164.498;196.849;153.122;165.415;392.404;402.278;383.334;321.568;552.767;670.573;730.692;564.144;886.357;862.531;691.951;696.974;705.939;1098.26;726.552;647.874;614.401;582.268;575.878;485.348;;;;;;;
    30 Fabrication de machines de bureau et de matériel informatique;170.258;216.037;183.475;172.012;178.727;139.914;211.647;267.571;128.759;75.552;47.95;23.835;17.358;80.976;121.917;151.08;130.131;95.991;272.837;125.881;27.107;37.262;28.459;18.998;5.175;0.767;2.48;;;;
        300 Fabrication de machines de bureau et de matériel informatique;170.258;216.037;183.475;172.012;178.727;139.914;211.647;267.571;128.759;75.552;47.95;23.835;17.358;80.976;121.917;151.08;130.131;95.991;272.837;125.881;27.107;37.262;28.459;18.998;;;;;;;
    34 Industrie automobile;3744.474;5127.997;4907.25;3936.753;4474.715;5284.417;5746.749;5941.115;5393.909;5167.095;4947.132;5310.332;5186.619;5070.469;4149.887;4408.446;4427.433;6966.667;8502.183;7596.448;7791.281;8640.117;10016.652;22041.252;28210.725;35569.024;39848.88;;;;
        341 Construction de véhicules automobiles;2784.906;3909.347;3599.955;2775.688;3185.564;3669.727;4181.349;4073.864;4429.435;4212.731;4060.247;4156.425;3917.693;3917.588;2901.627;3196.805;2147.013;4074.426;5659.167;5500.235;5285.777;6456.198;7335.267;18250.181;;;;;;;
        342 Fabrication de carrosserie et remorques;22.971;26.506;35.609;37.689;38.324;40.649;69.761;73.43;498.407;475.502;409.746;570.67;477.21;418.624;497.108;545.503;1642.393;2340.749;2424.166;1624.228;1973.148;1577.126;1845.915;1712.941;;;;;;;
        343 Fabrication d'équipements automobiles;936.597;1192.144;1271.686;1123.376;1250.827;1574.041;1495.639;1793.821;466.067;478.862;477.139;583.237;791.716;734.257;751.152;666.138;638.027;551.492;418.85;499.473;564.535;606.793;835.47;2078.13;;;;;;;
    35 Fabrication d'autres matériels de transport;558.369;545.669;677.031;638.549;756.705;629.609;586.02;612.55;609.961;720.158;936.223;859.395;904.934;939.012;1081.615;1467.874;2020.99;2622.706;3590.75;3187.873;3484.084;4039.331;4865.922;4887.356;5313.343;6074.38;6791.359;;;;
        351 Construction navale;118.196;100.057;87.531;128.539;207.105;150.684;160.832;177.627;175.804;189.313;187.967;220.329;217.416;253.603;257.128;257.281;281.245;299.508;283.041;278.303;245.302;211.494;191.25;159.068;;;;;;;
        352 Construction de matériel ferroviaire roulant;77.107;83.442;149.865;69.851;107.084;83.526;7.116;33.063;38.922;;52.4;0.403;45.845;35.659;36.447;;;311.111;480.756;167.01;169.599;203.458;433.784;264.49;;;;;;;
        353 Construction aéronautique et spatiale;48.359;66.609;65.004;77.452;75.671;86.938;75.593;68.457;71.134;317.429;494.005;453.275;462.431;469.651;589.454;930.464;1415.184;1682.157;2440.923;2383.113;2776.153;3319.354;3954.008;4138.918;;;;;;;
        354 Fabrication de motocycles et de bicyclettes;299.304;283.638;359.908;349.558;358.127;294.048;331.962;323.321;307.757;199.889;184.955;175.547;171.339;172.919;191.54;272.523;315.902;320.341;373.961;348.308;281.054;294.978;277.134;317.27;;;;;;;
        355 Matériels de transport n.c.a;15.403;11.923;14.723;13.149;8.718;14.413;10.517;10.082;16.344;13.527;16.896;9.841;7.903;7.18;7.046;7.606;8.659;9.589;12.069;11.139;11.976;10.047;9.746;7.61;;;;;;;
    36 Fabrication de meubles, industries diverses;726.081;538.771;577.098;630.633;731.349;612.665;597.897;619.882;1448.869;1823.684;1267.764;2019.406;1874.815;1989.596;2205.736;2625.429;3052.003;2492.162;2635.34;3791.418;3914.304;4030.436;4214.158;4535.183;4858.061;4080.441;3370.376;;;;
        361 Fabrication de meubles;677.719;489.977;513.75;560.756;653.142;546.422;543.933;558.383;924.838;1291.8;789.776;1477.201;1284.812;1229.123;1500.633;1872.563;2282.03;1553.178;1734.712;2862.842;3025.342;3094.099;3344.005;3553.662;;;;;;;
        362 Bijouterie;;;;3.992;5.083;5.083;5.083;5.338;166.071;158.29;158.449;169.076;281.749;320.021;369.671;385.715;369.758;520.216;505.135;499.065;492.428;575.131;479.51;514.898;;;;;;;
        363 Fabrication d'instruments de musique;;;;;;;;1.777;;;;;;;;;;;;;;;;;;;;;;;
        364 Fabrication d'articles de sport;1.599;;9.275;3.182;4.987;2.73;;;4.24;4.522;1.713;1.781;0.759;1.09;1.146;2.242;2.745;3.152;4.116;4.618;6.284;4.172;4.686;4.141;;;;;;;
        365 Fabrication de jeux et de jouets;2.962;2.995;3.004;3.004;4.077;3.424;;;12.166;8.224;1.36;;3.192;3.004;9.61;32.222;41.52;48.625;47.142;46.405;60.442;64.847;66.149;68.172;;;;;;;
        366 Autres industries diverses;43.637;45.626;50.944;59.565;63.913;54.836;48.74;54.245;341.408;360.511;316.042;370.893;303.383;435.519;323.773;331.557;354.615;365.439;342.968;377.149;325.12;292.187;319.808;394.31;;;;;;;
    37 Récupération;;;;18.104;18.104;18.104;18.104;18.104;18.104;18.104;18.104;20.917;29.379;22.725;27.363;32.08;34.185;34.359;32.906;32.977;34.781;38.511;41.754;44.276;41.619;40.734;44.32;;;;
        372 Récupération de matières non métalliques recyclable;;;;18.104;18.104;18.104;18.104;18.104;18.104;18.104;18.104;20.917;29.379;22.725;27.363;32.08;34.185;34.359;32.906;32.977;34.781;38.511;41.754;44.276;;;;;;;
5 Industrie électrique et électronique;4584.0;4588.0;4326.0;3556.0;3595.0;3605.0;3696.0;4314.0;5397.0;6389.0;7532.0;8154.0;9490.0;11115.0;12255.0;13856.0;17486.0;21404.0;20810.0;19159.0;22816.0;27324.0;26669.0;29002.0;31230.0;33650.0;32619.0;37174.0;40476.0;40800.0;42805.0
    31 Fabrication de machines et appareils électriques;2581.934;2525.525;2433.455;2606.492;2792.509;2778.186;2729.172;3267.31;4167.204;4955.641;5540.352;6695.01;8027.944;9431.741;10340.416;11821.813;14906.76;18894.296;18089.871;15826.009;20557.774;24329.668;23703.533;26155.471;28694.327;31023.97;29935.714;;;;
        311 Fabrication de moteurs, génératrices et transforma;484.411;481.51;333.091;484.991;502.348;405.825;206.381;319.869;231.109;197.733;243.582;243.085;300.15;366.535;311.265;266.563;262.1;268.661;312.703;278.511;429.897;466.921;342.427;343.08;;;;;;;
        312 Fabrication de fils et câbles isoles;273.431;333.821;325.186;294.865;325.607;392.679;490.752;660.708;762.139;974.297;984.816;990.701;1152.342;1343.552;1407.683;1577.676;1682.886;2062.063;2289.577;1728.03;1639.042;1532.101;1851.478;2073.377;;;;;;;
        313 Fabrication de matériel de distribution et de commande;1203.649;1176.96;1096.804;1205.821;1298.62;1339.175;894.52;989.665;925.396;942.229;1424.468;1639.803;1111.669;727.71;748.118;1908.826;2800.173;2899.495;1828.57;2594.064;3373.833;3452.849;3511.193;3715.482;;;;;;;
        314 Fabrication d'accumulateurs et de piles électriques;275.803;267.881;283.76;279.839;297.309;301.056;769.892;848.145;784.614;794.865;199.103;247.329;563.394;956.109;1119.394;298.144;223.743;425.734;1640.093;669.714;358.923;729.555;699.641;349.361;;;;;;;
        315 Fabrication de lampes et d'appareils d'émission et de transmission;274.723;174.783;290.937;175.242;224.084;186.209;221.383;280.626;311.462;267.141;285.395;267.992;254.67;359.126;282.257;353.403;370.198;387.155;450.175;446.807;437.76;361.982;331.431;317.144;;;;;;;
        316 Fabrication d'autres matériels électriques;69.917;90.57;103.677;165.734;144.541;153.242;146.244;168.297;1152.484;1779.376;2402.988;3306.1;4645.719;5678.709;6471.699;7411.395;9559.418;12840.795;11555.579;10096.272;14307.036;17786.26;16967.363;19357.027;;;;;;;
    32 Fabrication d'équipements de radio, télévision et communication;1970.748;2027.229;1853.792;893.064;742.135;741.651;895.498;1128.498;987.457;1173.775;1767.202;1320.656;1249.837;1426.514;1636.373;1580.843;1679.207;1598.228;1597.826;1125.278;1394.672;1481.026;1497.637;1340.186;1181.445;1431.944;1457.856;;;;
        321 Fabrication de composants électroniques;1253.813;1261.576;1201.436;397.793;437.437;551.035;674.173;813.234;760.903;976.122;1540.611;987.356;973.286;1193.663;1368.683;1275.21;1282.878;1201.0;1231.546;780.567;1100.579;1252.569;1264.268;1113.973;;;;;;;
        322 Fabrication d'appareils d'émission et de transmission;716.935;765.653;652.356;495.271;304.698;190.616;221.325;315.264;204.881;179.965;209.526;322.521;258.042;224.117;259.387;297.844;289.718;287.559;270.849;248.884;227.789;228.457;233.369;226.213;;;;;;;
        323 Fabrication d'appareils de réception, enregistrements ou reproduction du son et de l'image;;;;;;;;;21.673;17.688;17.065;10.779;18.509;8.734;8.303;7.789;8.387;11.435;2.227;2.334;2.177;;;;;;;;;;
    33 Fabrication d'instruments médicaux, de précision d'optique et horlogerie;31.041;34.764;39.012;56.309;59.998;85.523;71.597;91.95;241.897;259.261;224.019;138.448;212.053;257.138;278.204;453.653;899.789;911.013;1122.242;2207.807;863.309;1513.056;1467.942;1506.281;1354.448;1193.693;1224.985;;;;
        331 Fabrication de matériel médico-chirurgical et d'orthopédie;4.363;4.721;16.561;34.805;16.26;31.553;20.585;25.233;41.492;30.779;21.533;21.64;28.104;34.375;34.609;38.947;53.585;49.99;48.172;65.728;44.176;39.866;44.321;48.169;;;;;;;
        332 Fabrication d'instruments de mesure et de contrôle;;;0.474;0.474;0.474;0.569;0.524;0.553;116.71;183.818;150.125;81.325;167.199;214.623;236.764;407.663;836.648;852.159;1067.46;1673.757;809.375;356.053;382.176;363.448;;;;;;;
        333 Fabrication d'équipements de contrôle des processus industriels;;;;;;;;;;;;;;;;;;;;;;4.092;4.296;8.196;;;;;;;
        334 Fabrication de matériel optique et photographique;14.825;15.875;12.46;11.73;36.202;45.925;42.754;60.807;81.039;41.722;50.677;35.065;16.393;7.684;6.353;6.524;8.1;7.186;4.358;465.578;4.306;1113.045;1037.149;1086.468;;;;;;;
        335 Horlogerie;11.776;14.11;9.452;9.227;6.957;7.36;7.574;5.223;2.484;2.49;1.2;;;;;;;;;;;;;;;;;;;;
Total General;114353.0;123614.0;129912.0;133337.0;140296.0;146947.0;152417.0;162001.0;166555.0;167709.0;171969.0;175490.0;185825.0;189735.0;198130.0;222691.0;251528.0;282449.0;323747.0;279769.0;332591.0;386818.0;391687.0;391904.0;392141.0;371370.0;366684.0;380967.0;409206.0;639725.0;593421.0
