trimestre,Appartement - prix (var. trim. %),Appartement - transactions (var. trim. %),Bureau - prix (var. trim. %),Bureau - transactions (var. trim. %),Foncier - prix (var. trim. %),Foncier - transactions (var. trim. %),Global - prix (var. trim. %),Global - transactions (var. trim. %),Local commercial - prix (var. trim. %),Local commercial - transactions (var. trim. %),Maison - prix (var. trim. %),Maison - transactions (var. trim. %),Professionnel - prix (var. trim. %),Professionnel - transactions (var. trim. %),Résidentiel - prix (var. trim. %),Résidentiel - transactions (var. trim. %),Villa - prix (var. trim. %),Villa - transactions (var. trim. %),Appartement - prix (var. annuelle %),Appartement - transactions (var. annuelle %),Bureau - prix (var. annuelle %),Bureau - transactions (var. annuelle %),Foncier - prix (var. annuelle %),Foncier - transactions (var. annuelle %),Global - prix (var. annuelle %),Global - transactions (var. annuelle %),Local commercial - prix (var. annuelle %),Local commercial - transactions (var. annuelle %),Maison - prix (var. annuelle %),Maison - transactions (var. annuelle %),Professionnel - prix (var. annuelle %),Professionnel - transactions (var. annuelle %),Résidentiel - prix (var. annuelle %),Résidentiel - transactions (var. annuelle %),Villa - prix (var. annuelle %),Villa - transactions (var. annuelle %)
T1-2010,,,,,,,1.4,,,,,,,,,,,,,,,,,,2.2,,,,,,,,,,,
T2-2010,,,,,,,2.2,-5.7,,,,,,,,,,,,,,,,,1.4,,,,,,,,,,,
T3-2010,,,,,,,2.4,,,,,,,,,,,,,,,,,,,,,,,,,,,,,
T4-2010,,,,,,,-2.0,,,,,,,,,,,,,,,,,,-0.9,,,,,,,,,,,
T1-2011,1.7,-5.2,,,,,1.2,-5.5,,,0.7,-8.1,,,,,2.8,-8.9,6.7,-9.2,,,,,5.0,-9.7,,,0.7,-18.2,,,,,7.7,8.6
T2-2011,,,,,,,-1.6,-17.5,,,,,,,,,,,,,,,,,1.9,,,,,,,,,,,
T3-2011,,,,,,,1.1,,,,,,,,,,,,,,,,,,,,,,,,,,,,,
T4-2011,,,,,,,-0.4,,,,,,,,,,,,,,,,,,,,,,,,,,,,,
T1-2012,,,,,,,0.6,,,,,,,,,,,,,,,,,,,,,,,,,,,,,
T2-2012,,,,,,,0.8,,,,,,,,,,,,,,,,,,,,,,,,,,,,,
T3-2012,,,,,,,-0.7,,,,,,,,,,,,,,,,,,,,,,,,,,,,,
T4-2012,,,,,,,0.9,,,,,,,,,,,,,,,,,,0.9,,,,,,,,,,,
T1-2013,,,,,,,0.0,,,,,,,,,,,,,,,,,,0.0,,,,,,,,,,,
T3-2013,,,,,,,-1.9,,,,,,,,,,,,,,,,,,,,,,,,,,,,,
T4-2013,,,,,,,-1.4,,,,,,,,,,,,,,,,,,,,,,,,,,,,,
T1-2014,,,,,,,0.0,-2.6,,,,,,,,,,,,,,,,,0.1,10.1,,,,,,,,,,
T2-2014,,,,,,,-1.3,,,,,,,,,,,,,,,,,,,,,,,,,,,,,
T3-2014,,,,,,,1.4,,,,,,,,,,,,,,,,,,,,,,,,,,,,,
T4-2014,,,,,,,-1.4,,,,,,,,,,,,,,,,,,,,,,,,,,,,,
T1-2015,,,,,,,0.1,,,,,,,,,,,,,,,,,,,,,,,,,,,,,
T2-2015,,,,,,,0.8,,,,,,,,,,,,,,,,,,0.8,,,,,,,,,,,
T3-2015,-1.5,-7.9,-2.1,-30.1,-2.4,-17.0,-1.5,-10.4,-1.1,-16.2,-0.8,-4.2,,,-1.1,-7.8,5.5,-15.3,-1.9,-8.4,-10.0,-6.1,-4.0,-9.8,-2.2,-8.7,-2.6,-9.7,1.2,-1.6,,,-1.0,-8.4,5.7,-24.5
T4-2015,,,,,,,0.5,,,,,,,,,,,,,,,,,,,,,,,,,,,,,
T1-2016,,,,,,,-0.7,,,,,,,,,,,,,,,,,,,,,,,,,,,,,
T2-2016,,,,,,,-1.1,,,,,,,,,,,,,,,,,,,,,,,,,,,,,
T3-2016,1.3,18.8,9.6,28.7,-0.3,1.1,0.6,14.2,0.4,5.6,0.4,15.0,1.5,8.1,1.0,18.3,-1.2,4.4,1.6,27.3,1.9,41.6,2.4,15.8,1.4,24.0,5.1,18.0,-2.4,14.1,4.4,20.6,0.6,26.2,-1.6,16.2
T4-2016,,,,,,,2.2,,,,,,,,,,,,,,,,,,,,,,,,,,,,,
T1-2017,,,,,,,2.5,,,,,,,,,,,,,,,,,,,,,,,,,,,,,
T2-2017,,,,,,,-1.2,,,,,,,,,,,,,,,,,,,,,,,,,,,,,
T3-2017,,,,,,,0.6,,,,,,,,,,,,,,,,,,,,,,,,,,,,,
T4-2017,-1.9,-9.1,1.9,-3.6,-1.2,20.7,-1.3,-2.4,3.6,1.9,-2.2,-2.6,3.4,1.2,-1.7,-8.6,-1.4,0.5,0.7,-12.2,14.0,-29.9,1.8,-2.5,0.9,-11.2,2.1,-13.8,-2.9,-24.8,4.4,-16.0,0.0,-13.2,-2.6,-22.9
T1-2018,0.2,-3.9,1.4,29.4,-1.1,-4.9,-0.1,-2.3,-0.2,11.7,1.2,4.0,0.1,13.8,0.2,-3.3,-2.0,7.1,-0.2,-3.1,-1.0,-3.0,-0.3,16.1,-0.4,1.5,-0.6,7.5,-2.3,3.6,-0.5,6.2,-0.7,-3.0,-7.2,-13.6
T2-2018,-0.1,4.2,-0.5,-12.8,1.0,-7.2,0.0,0.4,-1.9,-9.1,-2.0,-1.1,-1.7,-9.6,-0.3,4.2,3.6,17.9,0.1,-5.5,1.8,-7.3,2.4,13.4,0.9,-0.5,1.0,8.6,-1.4,8.5,1.4,6.3,0.1,-4.4,3.6,12.3
T3-2018,0.1,0.9,-13.5,-1.7,-1.5,-4.8,-0.3,-1.1,2.3,-9.1,1.6,5.3,-1.0,-8.2,0.4,0.8,0.9,-17.9,-1.1,-1.7,-9.7,14.8,-0.9,4.7,-0.7,0.3,3.8,-0.4,0.4,10.0,1.0,1.5,-0.6,-1.0,1.8,8.0
T4-2018,0.1,8.1,12.0,14.8,0.8,15.7,0.3,11.2,-1.1,21.3,-1.2,17.1,1.4,20.5,0.0,9.1,1.5,32.0,0.6,14.6,-3.3,30.7,-2.4,-0.7,-0.4,12.4,-0.5,16.6,0.8,30.7,-1.2,18.3,0.8,16.0,5.9,39.7
T1-2019,-0.9,-13.0,3.6,8.2,-0.4,-12.2,-0.7,-12.7,0.1,-11.0,-1.3,-15.8,0.9,-8.5,-1.1,-13.4,-5.1,-21.5,-0.2,4.4,-3.2,11.0,0.3,-7.4,-0.2,1.1,-0.2,-6.3,-1.4,6.6,-0.5,-4.0,-0.3,4.5,0.0,2.7
T2-2019,-0.3,-2.6,-1.0,-5.9,-0.8,-19.3,-0.6,-7.3,-1.6,-16.6,-1.1,-11.6,-1.5,-15.0,-0.4,-3.0,0.2,2.4,-0.2,-4.1,-4.3,18.1,-1.9,-20.1,-0.9,-8.0,-1.0,-14.7,-1.0,-5.4,-1.4,-10.5,-0.3,-4.4,-1.5,-11.0
T3-2019,1.0,3.9,1.9,-25.8,,,0.9,6.0,,6.1,,,,,0.9,3.7,,,0.8,-0.5,12.0,-11.0,,,0.9,-0.8,,-1.2,,,,,0.4,-0.8,,
T4-2019,-0.4,-3.4,-6.3,,-0.8,0.0,,,,14.1,-0.4,9.5,,17.0,-0.4,,-0.2,,-0.5,-10.2,-2.8,,-0.9,-14.1,,,,-6.6,-1.4,-8.7,,-4.9,-0.6,,-3.5,
T1-2020,,-33.1,,,-1.1,-27.2,-1.6,,-5.4,-26.2,-3.3,-33.3,-3.3,,-1.8,-32.9,-5.2,,,-30.8,,,-1.2,-28.7,-1.4,,-2.6,-22.1,-3.2,-27.7,-2.0,,-1.5,-30.6,-4.7,
T2-2020,-3.7,-37.2,1.4,-52.9,-3.0,,-3.3,-42.8,-1.5,,-5.1,-59.0,-0.9,,,-38.2,-0.8,-17.9,-3.7,-54.9,2.5,-61.1,-2.7,,-3.3,-56.1,-1.9,,-6.7,-66.6,-1.3,,,-55.3,-3.1,-44.5
T3-2020,3.4,96.0,3.2,,3.6,188.8,3.6,,5.5,,4.8,138.4,5.1,,,96.2,5.4,35.1,-1.1,-14.8,3.8,,-0.4,0.1,-0.8,,3.0,,-2.7,-26.1,3.0,,,-15.3,0.8,-10.1
T4-2020,1.4,39.0,-12.1,33.5,-0.5,,0.6,39.2,1.1,17.6,2.4,,-1.0,19.6,,39.7,-1.5,,0.9,23.3,-6.3,22.9,0.5,,0.6,27.1,-0.1,25.2,0.5,,-1.0,24.9,,22.1,0.8,
T1-2021,-1.1,,7.5,8.6,1.4,,0.0,-17.4,-0.9,1.2,-0.6,,0.3,2.3,,,0.8,,0.9,,1.9,81.3,2.9,,1.8,52.0,3.0,72.2,1.8,,2.9,73.5,,,4.6,
T2-2021,-6.4,22.7,-8.4,-22.2,,29.2,,18.8,-7.1,-20.5,-2.5,,,,-5.6,22.0,,15.0,-3.7,183.6,-13.3,191.2,,393.9,,220.5,-3.1,199.9,4.2,,,,-2.3,186.8,,132.1
T3-2021,-0.6,-46.0,,25.2,1.5,,,-40.9,-1.0,-3.4,0.0,,-0.9,,-0.5,-45.1,-2.1,,-7.4,-19.0,,62.5,-3.7,,,-10.1,-8.7,2.8,-1.3,,-9.5,,-6.3,-17.1,-7.1,
T4-2021,0.3,44.8,-0.4,,-0.2,20.9,0.2,35.1,2.7,26.8,0.9,24.0,2.3,20.6,,43.2,-1.4,33.1,-8.8,-17.6,-0.6,,-3.7,-16.5,-6.0,-14.7,-6.3,7.0,-3.2,4.4,-5.2,6.5,,-16.8,-7.1,-32.3
T1-2022,-0.2,-10.2,-5.8,,0.0,-11.2,-0.3,,-0.6,,-0.6,-10.2,-2.5,,,-9.8,0.5,16.5,-6.6,-6.7,-13.5,,-2.9,-15.7,-4.9,,-6.8,,-2.4,-4.6,-8.6,,,-6.6,-6.6,-8.2
T2-2022,0.2,,8.5,,0.1,-3.7,0.2,4.6,,-0.8,-0.2,,1.1,-1.9,,8.1,3.7,5.8,-0.5,,1.9,,1.8,-37.7,0.4,-22.5,,6.2,0.5,,-0.4,7.2,,-20.4,1.2,-15.8
T3-2022,0.4,11.1,1.9,,0.8,13.8,0.6,,1.8,4.5,1.6,14.6,2.0,4.9,,11.3,-2.8,12.7,0.6,61.7,3.0,,2.3,19.8,1.3,,2.4,15.1,1.7,40.7,2.5,11.4,,60.8,0.3,92.7
T4-2022,-0.7,,0.1,-12.4,-0.7,-1.3,-0.7,-4.8,0.0,-4.9,-1.5,,0.0,-6.1,-0.8,-5.5,-2.2,,-0.3,,2.4,-12.5,1.2,-5.1,0.3,-5.2,0.5,-16.8,0.5,,0.5,-16.2,-0.1,-3.5,0.3,
T1-2023,0.0,,-0.6,18.5,0.9,-10.6,0.3,-14.8,1.3,-7.4,,,1.1,-3.7,-0.2,-17.3,-1.2,,0.0,,7.1,12.0,2.0,0.0,0.8,2.5,2.1,1.8,,,3.7,3.5,-0.1,3.0,-0.5,
T2-2023,-0.5,,0.5,-7.2,0.3,-15.7,-0.3,-12.0,-0.3,-18.8,,,-0.4,-16.9,-0.5,-10.3,-1.5,,-0.4,,0.6,21.0,0.9,-6.9,0.1,-4.9,2.4,-7.5,,,2.1,-3.2,-0.5,-4.7,-5.7,
T3-2023,,,3.5,-9.2,0.3,,0.7,-4.5,0.8,-15.9,,,1.3,-14.7,,,,,,,3.5,4.0,1.1,,0.3,-7.2,1.2,-16.5,,,1.7,-13.2,,,,
T4-2023,,,,-3.1,0.3,13.2,,2.0,-1.4,11.3,,-4.7,,8.6,,-1.4,,3.7,,,,14.2,2.1,1.6,,-3.1,0.4,-1.3,,-10.7,,1.0,,-4.8,,-11.9
T1-2024,,-13.9,,-1.6,-0.1,,,-13.8,0.7,-19.9,,-21.3,,,,-14.3,-2.3,-18.5,,-2.2,,-7.5,1.2,,,-3.1,-1.5,-16.3,,-13.7,,,,-3.1,-0.2,-21.6
T2-2024,,,,,0.5,-10.2,,-8.2,,-17.2,,,-0.3,-15.9,,-6.7,,3.0,,,,,-0.6,25.6,,12.1,,-3.0,,,0.4,-2.3,,11.1,,-2.6
T3-2024,,-31.4,-4.0,-29.2,-0.4,-15.9,,-28.9,-0.4,-43.7,,-11.2,,-41.1,,-30.4,-0.9,-22.8,,-14.9,-2.4,-17.7,-0.6,3.4,,-13.1,-0.7,-31.8,,-12.0,,-29.2,,-14.8,-1.9,-20.1
T4-2024,,,2.2,,1.4,35.2,,43.9,,74.4,,24.2,,79.9,,42.7,,46.1,,,0.1,,1.0,16.5,,17.7,,1.2,,6.8,,10.8,,18.9,,16.9
T1-2025,,-29.0,,-40.5,-2.5,-33.1,,-30.3,,-28.9,,-34.6,,-31.4,,-29.3,-1.1,-31.8,,-14.5,,-9.5,-0.1,-16.4,,-15.2,,-20.0,,-15.3,,-18.2,,-14.5,-0.7,-8.9
T2-2025,,,,,,,,-10.8,,-13.3,,-16.2,-0.2,-13.3,,-15.1,,23.7,,,,,,,,-21.2,,-22.5,,-26.9,-0.3,-20.9,,-25.9,,11.4
T3-2025,,15.7,-0.8,12.3,1.3,9.3,,14.0,0.7,11.9,,19.3,,12.0,,15.7,-0.8,9.7,,26.7,0.9,43.6,1.0,21.0,,26.6,1.7,59.4,,1.9,,56.2,,25.7,1.8,62.3
T4-2025,0.1,15.4,,49.2,0.4,25.4,,18.4,0.4,25.2,0.5,8.5,,29.6,0.1,15.0,2.3,13.8,0.3,0.4,,4.7,0.0,12.0,,3.6,0.2,8.2,0.1,-0.9,,7.5,0.2,0.6,2.4,23.0
T1-2026,,,,,-3.0,,,-40.2,-1.1,-40.4,,-51.6,,-40.2,,-38.4,,-53.1,,,,,-0.6,,,-9.3,0.0,-4.9,,-25.3,,-3.6,,-10.7,,-13.6
